/*
Navicat MySQL Data Transfer

Source Server         : 127.0.0.1
Source Server Version : 50623
Source Host           : 127.0.0.1:3306
Source Database       : openvpn

Target Server Type    : MYSQL
Target Server Version : 50623
File Encoding         : 65001

Date: 2018-10-30 16:39:54
*/

SET FOREIGN_KEY_CHECKS=0;

-- ----------------------------
-- Table structure for ta_auth_access
-- ----------------------------
DROP TABLE IF EXISTS `ta_auth_access`;
CREATE TABLE `ta_auth_access` (
  `role_id` mediumint(8) unsigned NOT NULL COMMENT '角色',
  `rule_id` mediumint(8) unsigned NOT NULL COMMENT '规则唯一英文标识,全小写',
  KEY `role_id` (`role_id`),
  KEY `rule_name` (`rule_id`) USING BTREE
) ENGINE=MyISAM DEFAULT CHARSET=utf8 COMMENT='权限授权表';

-- ----------------------------
-- Records of ta_auth_access
-- ----------------------------
INSERT INTO `ta_auth_access` VALUES ('1', '2');
INSERT INTO `ta_auth_access` VALUES ('2', '11');
INSERT INTO `ta_auth_access` VALUES ('3', '2');
INSERT INTO `ta_auth_access` VALUES ('2', '2');

-- ----------------------------
-- Table structure for ta_auth_rule
-- ----------------------------
DROP TABLE IF EXISTS `ta_auth_rule`;
CREATE TABLE `ta_auth_rule` (
  `id` mediumint(8) unsigned NOT NULL AUTO_INCREMENT COMMENT '规则id,自增主键',
  `title` varchar(20) NOT NULL DEFAULT '' COMMENT '规则中文描述',
  `rule_val` varchar(255) NOT NULL DEFAULT '' COMMENT '规则唯一英文标识,全小写',
  `pid` mediumint(8) unsigned NOT NULL DEFAULT '0' COMMENT '父类ID',
  `update_time` int(11) DEFAULT NULL COMMENT '账户最后更新时间',
  `delete_time` int(11) DEFAULT NULL COMMENT '软删除',
  PRIMARY KEY (`id`)
) ENGINE=MyISAM AUTO_INCREMENT=12 DEFAULT CHARSET=utf8 COMMENT='权限规则表';

-- ----------------------------
-- Records of ta_auth_rule
-- ----------------------------
INSERT INTO `ta_auth_rule` VALUES ('1', '仪表盘', 'admin/index/index', '3', '1540429754', null);
INSERT INTO `ta_auth_rule` VALUES ('2', '用户列表', 'admin/user/index', '6', '1540429795', null);
INSERT INTO `ta_auth_rule` VALUES ('3', '内容管理', 'admin/index', '0', '1540429776', null);
INSERT INTO `ta_auth_rule` VALUES ('6', '用户管理', 'admin/user', '0', '1540429804', null);
INSERT INTO `ta_auth_rule` VALUES ('8', '权限管理', 'admin/authrule', '0', '1540429815', null);
INSERT INTO `ta_auth_rule` VALUES ('9', '权限列表', 'admin/authrule/index', '8', '1540429823', null);
INSERT INTO `ta_auth_rule` VALUES ('10', '证书管理', 'admin/key', '0', '1540524880', null);
INSERT INTO `ta_auth_rule` VALUES ('11', '证书列表', 'admin/key/index', '10', '1540524886', null);

-- ----------------------------
-- Table structure for ta_key
-- ----------------------------
DROP TABLE IF EXISTS `ta_key`;
CREATE TABLE `ta_key` (
  `id` int(11) NOT NULL AUTO_INCREMENT COMMENT '证书ID（主键）',
  `user_id` int(11) NOT NULL COMMENT '用户ID（外键）',
  `path` varchar(255) DEFAULT NULL COMMENT '证书路径',
  `content` text COMMENT '证书内容',
  `status` tinyint(1) DEFAULT NULL COMMENT '状态',
  `create_time` int(11) DEFAULT NULL COMMENT '创建时间',
  `update_time` int(11) DEFAULT NULL COMMENT '最后一次更新时间',
  `delete_time` int(11) DEFAULT NULL COMMENT '软删除',
  `note` varchar(255) DEFAULT NULL COMMENT '备注',
  PRIMARY KEY (`id`)
) ENGINE=InnoDB AUTO_INCREMENT=153 DEFAULT CHARSET=utf8;

-- ----------------------------
-- Records of ta_key
-- ----------------------------
INSERT INTO `ta_key` VALUES ('1', '6', '1', '123', '1', '123', null, null, null);
INSERT INTO `ta_key` VALUES ('107', '6', null, 'D:\\xampps\\htdocs\\openvpn-admin\\public', '1', '1540543746', '1540543746', null, '0');
INSERT INTO `ta_key` VALUES ('108', '6', null, 'D:\\xampps\\htdocs\\openvpn-admin\\public', '1', '1540543901', '1540543901', null, '0');
INSERT INTO `ta_key` VALUES ('109', '5', null, null, '1', '1540544050', '1540544050', null, '0');
INSERT INTO `ta_key` VALUES ('110', '5', null, null, '1', '1540544178', '1540544178', null, '0');
INSERT INTO `ta_key` VALUES ('111', '6', null, null, '1', '1540544219', '1540544219', null, '1');
INSERT INTO `ta_key` VALUES ('112', '6', null, null, '1', '1540544289', '1540544289', null, '0');
INSERT INTO `ta_key` VALUES ('113', '6', null, '/d/xampps/htdocs/openvpn-admin/public', '1', '1540544307', '1540544307', null, '0');
INSERT INTO `ta_key` VALUES ('114', '6', null, '/d/xampps/htdocs/openvpn-admin/public', '1', '1540544325', '1540544325', null, '0');
INSERT INTO `ta_key` VALUES ('115', '6', null, '/d/xampps/htdocs/openvpn-admin/public', '1', '1540544357', '1540544357', null, '0');
INSERT INTO `ta_key` VALUES ('116', '6', null, '/d/xampps/htdocs/openvpn-admin/public', '1', '1540544425', '1540544425', null, '0');
INSERT INTO `ta_key` VALUES ('130', '6', null, null, '1', '1540781338', '1540781338', null, null);
INSERT INTO `ta_key` VALUES ('131', '3', null, null, '1', '1540781351', '1540781351', null, null);
INSERT INTO `ta_key` VALUES ('132', '2', null, null, '1', '1540781385', '1540781385', null, null);
INSERT INTO `ta_key` VALUES ('133', '6', null, null, '1', '1540781540', '1540781540', null, null);
INSERT INTO `ta_key` VALUES ('134', '6', null, null, '1', '1540781942', '1540781942', null, null);
INSERT INTO `ta_key` VALUES ('135', '5', null, '', '1', '1540781969', '1540781969', null, null);
INSERT INTO `ta_key` VALUES ('136', '6', null, '', '1', '1540782594', '1540782594', null, null);
INSERT INTO `ta_key` VALUES ('137', '6', null, 'client\ndev tun\nproto udp\nsndbuf 0\nrcvbuf 0\nremote 35.197.153.115 1194\nresolv-retry infinite\nnobind\npersist-key\npersist-tun\nremote-cert-tls server\nauth SHA512\ncipher AES-256-CBC\ncomp-lzo\nsetenv opt block-outside-dns\nkey-direction 1\nverb 3\n<ca>\n-----BEGIN CERTIFICATE-----\nMIIDKzCCAhOgAwIBAgIJAKArc1rrDRtWMA0GCSqGSIb3DQEBCwUAMBMxETAPBgNV\nBAMMCENoYW5nZU1lMB4XDTE4MDcyNDA1NTYxNVoXDTI4MDcyMTA1NTYxNVowEzER\nMA8GA1UEAwwIQ2hhbmdlTWUwggEiMA0GCSqGSIb3DQEBAQUAA4IBDwAwggEKAoIB\nAQDU6r24+yFmoJi3h8TmAYGVS7KYAyEcrQM2Rn4PT9FBSPT4vmX+qNa760V2aur1\nzf2a8jROVRz7JcZDPZZA2XliMF+TRgfi8gUGIAw/ZZy0CPZnbn+OKgy3ZTzvoSZg\nbLHnVveqZpkJeiOUuBHwzbSeC6HGx3wgsbtL00Oym2lpgB70YXA2EnukYN/uV1v3\nt0hFmMtEBAfdBmFUVXWAjL4EOpz2JA2bb5K/mfPitUaTJxfPCKL1Eo9Y6ehJbKw0\nUrF+M7c7AmqtavwfhAwlLtKOPlrauqKSDJANDEWBtii96t23LkzlrxwP+x/r+DM8\nYYTUJcCnUiA2OJLOs1rkZ4MlAgMBAAGjgYEwfzAdBgNVHQ4EFgQUNMJx9wr1XB7b\n1NnV/nHMonnzibQwQwYDVR0jBDwwOoAUNMJx9wr1XB7b1NnV/nHMonnzibShF6QV\nMBMxETAPBgNVBAMMCENoYW5nZU1lggkAoCtzWusNG1YwDAYDVR0TBAUwAwEB/zAL\nBgNVHQ8EBAMCAQYwDQYJKoZIhvcNAQELBQADggEBAE+ZoBdfo7BDr5n9QtZuFes9\ntJSWuN4hlQzpzlsIco14L9za4woDSqAYmL9g86/5gJ3t//T0E0Btu2W67otUXsmb\nBTRZ/JdHLKSbGfJmezspqBvJdPq42BceeJy1P7qpVgePttXz6KM0ArlDe1zqXpnJ\nzIP5rDDFC8LK5Xe+WTZoJT+FWG0wL4u7ZCi90fCZqod15dzIOGNXS8EYK8ejCoGy\n+Gp2ytvHPEdotlpO3UfNnMSAKZpbqL0dP8JJIH9ehriYjspnp4EKmx0wkiNmr0U+\nkWWAW6YMakqlhmgGQQLy++Kbu8giSQrzdPyqAav7ZIp9EkZvcZ0Xper7auF66rc=\n-----END CERTIFICATE-----\n</ca>\n<cert>\nCertificate:\n    Data:\n        Version: 3 (0x2)\n        Serial Number:\n            ef:4d:9d:12:30:7a:74:2e:84:30:9d:c6:d1:05:44:8a\n    Signature Algorithm: sha256WithRSAEncryption\n        Issuer: CN=ChangeMe\n        Validity\n            Not Before: Jul 24 05:56:39 2018 GMT\n            Not After : Jul 21 05:56:39 2028 GMT\n        Subject: CN=clientgyg\n        Subject Public Key Info:\n            Public Key Algorithm: rsaEncryption\n                Public-Key: (2048 bit)\n                Modulus:\n                    00:ca:a8:34:8c:c3:a6:0b:53:5d:bc:d5:58:1d:b1:\n                    37:4c:65:7d:bc:fc:9e:74:da:8e:52:47:38:16:0e:\n                    bd:8c:a1:fc:95:f8:81:88:ef:e2:c5:cd:08:60:fc:\n                    7e:d0:11:11:02:31:68:28:67:20:ea:45:fb:ec:81:\n                    5d:a2:73:a0:cd:3e:9a:2c:48:6e:ec:8a:c3:a5:ed:\n                    36:3c:04:8a:5c:53:ef:cd:79:d7:6c:4e:82:95:0d:\n                    af:1b:e1:d1:77:80:c2:5d:bd:93:37:21:d8:89:11:\n                    9c:1e:49:87:75:17:bb:51:4c:59:fb:bc:66:72:7d:\n                    66:97:72:6f:80:76:53:20:61:05:b0:fe:e9:66:5b:\n                    c4:6b:5e:43:7d:34:c9:d9:17:87:f1:e8:9a:9d:cd:\n                    f2:2d:b2:c4:f7:57:54:5c:1a:2e:40:f6:87:b0:6f:\n                    3f:40:97:60:a5:ba:05:40:b3:57:3a:57:cd:2c:f0:\n                    08:65:21:91:5c:5c:f9:16:5b:f6:8f:48:b1:e4:96:\n                    d1:1b:bf:d6:de:4e:bf:96:9c:b5:96:2c:aa:3b:e3:\n                    85:8a:20:0c:91:08:94:bd:d0:88:da:04:e9:65:be:\n                    25:48:30:c3:62:59:2c:b5:25:f5:4b:56:91:3b:46:\n                    17:2a:15:fa:26:a4:fa:e6:59:aa:a2:04:65:b3:8c:\n                    09:2d\n                Exponent: 65537 (0x10001)\n        X509v3 extensions:\n            X509v3 Basic Constraints: \n                CA:FALSE\n            X509v3 Subject Key Identifier: \n                79:C0:02:7C:91:8A:F6:E0:B5:87:C1:D9:B2:81:8F:3F:98:E5:A8:15\n            X509v3 Authority Key Identifier: \n                keyid:34:C2:71:F7:0A:F5:5C:1E:DB:D4:D9:D5:FE:71:CC:A2:79:F3:89:B4\n                DirName:/CN=ChangeMe\n                serial:A0:2B:73:5A:EB:0D:1B:56\n\n            X509v3 Extended Key Usage: \n                TLS Web Client Authentication\n            X509v3 Key Usage: \n                Digital Signature\n    Signature Algorithm: sha256WithRSAEncryption\n         70:be:38:a2:11:37:8d:77:77:8c:fc:f5:a8:3b:11:4b:d7:55:\n         02:9c:88:44:59:14:b4:24:18:2d:5f:47:56:10:dd:95:6c:6e:\n         5e:84:7c:02:7f:d7:d7:e3:91:14:5b:ae:33:69:63:af:dd:25:\n         bb:50:13:7f:d7:63:73:f7:7a:93:db:56:dc:7c:e9:29:5f:a1:\n         f7:f0:85:78:08:38:fa:9f:b3:5f:04:86:a1:d9:1c:38:06:92:\n         36:b1:b9:2e:aa:88:aa:1f:1b:4e:d9:42:e8:b5:11:7a:0d:93:\n         08:de:cd:4f:d1:5d:a4:27:8f:b3:e4:0f:78:ec:dc:2a:15:b5:\n         85:bf:89:0c:02:35:23:06:98:d2:a8:4c:f9:13:f9:a6:2f:cb:\n         ba:c0:b1:1f:0d:46:31:a3:89:29:19:1a:e0:34:47:c6:e6:85:\n         bf:15:e4:08:fe:8c:d9:e8:81:18:38:ab:5e:ae:66:0e:69:24:\n         4b:8e:d9:2d:fb:5a:ae:b0:34:f3:79:fc:62:24:34:f9:a3:fc:\n         5f:a3:fe:56:7a:b8:a5:c7:bc:92:36:59:9c:c5:24:10:5c:b8:\n         f5:36:4a:ec:c0:41:ce:0a:1f:fe:0a:27:22:bf:48:1d:d1:8c:\n         d1:5b:ef:f8:74:a8:de:17:56:f4:2e:d0:c5:60:10:ae:98:85:\n         e5:51:3a:05\n-----BEGIN CERTIFICATE-----\nMIIDRzCCAi+gAwIBAgIRAO9NnRIwenQuhDCdxtEFRIowDQYJKoZIhvcNAQELBQAw\nEzERMA8GA1UEAwwIQ2hhbmdlTWUwHhcNMTgwNzI0MDU1NjM5WhcNMjgwNzIxMDU1\nNjM5WjAUMRIwEAYDVQQDDAljbGllbnRneWcwggEiMA0GCSqGSIb3DQEBAQUAA4IB\nDwAwggEKAoIBAQDKqDSMw6YLU1281VgdsTdMZX28/J502o5SRzgWDr2MofyV+IGI\n7+LFzQhg/H7QERECMWgoZyDqRfvsgV2ic6DNPposSG7sisOl7TY8BIpcU+/Nedds\nToKVDa8b4dF3gMJdvZM3IdiJEZweSYd1F7tRTFn7vGZyfWaXcm+AdlMgYQWw/ulm\nW8RrXkN9NMnZF4fx6JqdzfItssT3V1RcGi5A9oewbz9Al2ClugVAs1c6V80s8Ahl\nIZFcXPkWW/aPSLHkltEbv9beTr+WnLWWLKo744WKIAyRCJS90IjaBOllviVIMMNi\nWSy1JfVLVpE7RhcqFfompPrmWaqiBGWzjAktAgMBAAGjgZQwgZEwCQYDVR0TBAIw\nADAdBgNVHQ4EFgQUecACfJGK9uC1h8HZsoGPP5jlqBUwQwYDVR0jBDwwOoAUNMJx\n9wr1XB7b1NnV/nHMonnzibShF6QVMBMxETAPBgNVBAMMCENoYW5nZU1lggkAoCtz\nWusNG1YwEwYDVR0lBAwwCgYIKwYBBQUHAwIwCwYDVR0PBAQDAgeAMA0GCSqGSIb3\nDQEBCwUAA4IBAQBwvjiiETeNd3eM/PWoOxFL11UCnIhEWRS0JBgtX0dWEN2VbG5e\nhHwCf9fX45EUW64zaWOv3SW7UBN/12Nz93qT21bcfOkpX6H38IV4CDj6n7NfBIah\n2Rw4BpI2sbkuqoiqHxtO2ULotRF6DZMI3s1P0V2kJ4+z5A947NwqFbWFv4kMAjUj\nBpjSqEz5E/mmL8u6wLEfDUYxo4kpGRrgNEfG5oW/FeQI/ozZ6IEYOKtermYOaSRL\njtkt+1qusDTzefxiJDT5o/xfo/5Werilx7ySNlmcxSQQXLj1NkrswEHOCh/+Cici\nv0gd0YzRW+/4dKjeF1b0LtDFYBCumIXlUToF\n-----END CERTIFICATE-----\n</cert>\n<key>\n-----BEGIN PRIVATE KEY-----\nMIIEvwIBADANBgkqhkiG9w0BAQEFAASCBKkwggSlAgEAAoIBAQDKqDSMw6YLU128\n1VgdsTdMZX28/J502o5SRzgWDr2MofyV+IGI7+LFzQhg/H7QERECMWgoZyDqRfvs\ngV2ic6DNPposSG7sisOl7TY8BIpcU+/NeddsToKVDa8b4dF3gMJdvZM3IdiJEZwe\nSYd1F7tRTFn7vGZyfWaXcm+AdlMgYQWw/ulmW8RrXkN9NMnZF4fx6JqdzfItssT3\nV1RcGi5A9oewbz9Al2ClugVAs1c6V80s8AhlIZFcXPkWW/aPSLHkltEbv9beTr+W\nnLWWLKo744WKIAyRCJS90IjaBOllviVIMMNiWSy1JfVLVpE7RhcqFfompPrmWaqi\nBGWzjAktAgMBAAECggEAKRiXH3yFbYKIXcS9y7emSR3Ds9FeqL+xYMoEe6Sdl6k5\nuYfdbNGIoSgE7PYHGVZ8pn8yag8Pw7JRdhJ91HWyRCzPwu8lX158cmd6Og2JqVN0\nK6zrnJEHNgbCXdsbSSqZP70z31hDuvgROqsahwo6+C+Nh9kaxVjctxWDuv9DuCrY\nNgQ/Xjg1J+jIiD79D1dBX1DtJCbT64lEl5ZPVyIWupjHWJ1L0bFl5JokhNwuKBB6\nFX8Lz6X5rQNu442z6kFmaH/r3XpbX4ou4As5JkiGioBVO8nwKn/RSrLbaIMHVPia\nYQqqgs/Mt/dvtBLnIzJimaN8Fe0US3CMLRWAZRLFwQKBgQDsJsTu7rSnLspssAJ+\nt24erME723L8SwS+yoj4jaPtydK/FjJXw0O7MoNfQqd9O7JrXiFMkLQB64rwlIki\nT3uO6SGn2SGgq8ewGXnF1piKr3se3Q5jhhg5VSoc0iU0xP/YU9Vfmvc2Esl1z+c8\ntd79bNrsBQZXeNW3Lid6CQjgVQKBgQDbsL4rk/ocCkPGcnC3ukrlJ/wFPo+pXg2a\nSbiczyqXSbphNmgfBhs2/49jjjuQj5qrUIAKQPUkvtAIJDImlBGy4DbIJlYTfPeB\n8V14ysHWNxie1+zK5eDCJURB+S/041Dwp6v0X75u1l4Lm5d9FhL3JKF15BxrP4AH\nYJFr1A79eQKBgQCIAfgwKFjxZLh/CowVUS3iCtsrz0MVXVt5SwrCJEmCnVd8aJtM\nApES0o/pIGl4bhZfUhJZl4mlBXS7BMFKen6OG2Uf16VPdUAIA1QoBmVKkrCVYPl1\nhniTJKKhgMKe9srnW7krXAP/J6jR6pCiXZj1Wmlnv6kcXeKwoqtn1KZBFQKBgQCY\nlIdv4sWJ5gMud9sbb9KGl5+s0MecXQtbhionFqdBDd7Zl5z3Nxl9uD8RaP6rp2FH\n7JARDw5zp+b6UJFYQ+yK7Lh/iEiuHlQUttsxgrjfm8KIx/TY8pGIpbNjkrsg/SQB\nEKMYBctQVahZrYWoRcWESretFnI6do7oEMTPPCfxGQKBgQCldAg1twA6Ai+d3uE6\nCB551R/YQHWVFW9IOWUlMESGlOvCyA2DkeHzDIankYt3ykc0q7WWyr51HjY6M0ku\nOLO9pNmq+K0szFfszHuOvzS7PDCwAugKa0QrCis4cYSskjSaODsRUTaoZxiRKJCS\nTLLzVyk/D4PN0FCcFlCzWDjipQ==\n-----END PRIVATE KEY-----\n</key>\n<tls-auth>\n#\n# 2048 bit OpenVPN static key\n#\n-----BEGIN OpenVPN Static key V1-----\n5c97d5af3eadda489e2ab470845b9532\n0d0754d2da75936da0ca47c3dabab4e9\nd7bcf9efcac3d0b039fea9b4db42409f\n1efac884565367056429e043c84be942\n4346548a409a5b8c25f3e78df71154e0\n84a67fb11c12db2ad2e2e51eac5262f2\n55d32fd8db6b060b1463d41a03781ef9\n66ba4dd88a168147f7e06a055de58f97\nb4a0baf8a090d8379dad21ecd27e5e96\nf2ce7e834b35e3ecc8b8e358d8649638\n2bfe28894f6223f087450490bd2d8a3c\nabf459f443bc6f8c0d1cd5ad20427310\n58e9000b8d1c01841b483cafbcacb249\n7d1cceb92a60865161aee8d90ebadf11\n58b3f29b2209ebd4eff6136d3bfbc30e\nb18426855070c493f92f6071faa9e597\n-----END OpenVPN Static key V1-----\n</tls-auth>\n', '1', '1540783192', '1540783192', null, '0');
INSERT INTO `ta_key` VALUES ('138', '6', null, '', '1', '1540790925', '1540790925', null, '1');
INSERT INTO `ta_key` VALUES ('139', '6', null, '6', '1', '1540791012', '1540791012', null, '1');
INSERT INTO `ta_key` VALUES ('140', '6', null, '6', '1', '1540791087', '1540791087', null, '1');
INSERT INTO `ta_key` VALUES ('141', '6', null, 'easy-rsa\\build-key 6', '1', '1540791201', '1540791201', null, '0');
INSERT INTO `ta_key` VALUES ('142', '6', null, '-----BEGIN PRIVATE KEY-----\nMIIJQQIBADANBgkqhkiG9w0BAQEFAASCCSswggknAgEAAoICAQDPNhIH/BIqOQ8Q\nLm21EEn+7IuhHFOBSUlYZTp0aHSKozA6P2bDKeMolpwmZ+staI7Ng6wAg91PyjRn\nOgLwQmRXYe4iL8nwcAauOFLa9uPwbuFJu/dvKq9EnKBnREa6Ogh9CoJzw90TiUNr\nrs3Ur35SKu0IJmYMGlVp3YDMJNoNywj2teBl1Qu3v1zf88Fn9MRruOFQ6c0xjyb8\nlvO/VRUo/3HOryAjAJe1Vrv+Hvf+VKOHHLUAomNcQ+oMpM0xm64Zl453bT+u8XzI\nvshMy13i3uoln7pz84P3VUt+V95Q+137AkIjUU3By6MqsJk+/dyV2xpRY7JoNnJP\ncociJdqWAdYY9lGB0yt/ynQAtE+nEtxy6PBZnj1hxwUiPysKAlbOIQG0Qk4Dcokr\nXqqsJJ7s2lw5dcu8QzEgt7b7dkUNb6/GEATnjdIcUS7Xv0wH63t6PVyA0j7Kwh18\nLw8+kaTb5FQ0bm+b9X58jLPrlqTM8FsLV3TVywaHxPt2OzRbAjRVJC1VsXTZGnlV\nMCYmeGuN9ooycgRlN6FJ13T5Yog1xOyf9QoAJ2goL6T/2ph/jodUxtUxaqHWTZ/+\npXTtv6nIoS7UaHRQ38puKy41gjQ+j6BFyp+oIn/kcrMHzsIIFIENyBk/ODY7Fyzq\nnsGaSLuaLttldAFJpYgZeGl3WEwJpwIDAQABAoICADxZ80aAFIpXtBtyamGiLOsi\n2khCh8/QGJy2XyAojEkU3qcYcEXHnXHk6/YDrmu7WFxjTWWZAoyKyFiIfPKdY7xP\nuZwbbyWoe0mi/f7oidstcFCZfqfSNto1BEMPj8oNvQsuVHCDS5C1Gf3zG+AmfRRR\njFgjVvWPdfEvoqPS1+/Mgv/YWVNPieoqwlI4HMy6bbsyTe3TKwCUQTawgK3pihA2\n1l7sgt+u/IDEklyhiHl7DWX85nsY0Pe+kBy+o0UfosWxbr06BKJfk4ikiJJVaTL6\n2he7PgMnmfgfz60syoOrsuO49Kp0s8EOHqgAZ6IBLo43EqNB9mSD9ydMpC899zvT\nRsERsqNqjq6QSDumXPMF5+6jeCE+sBzLS6D6oTwZOYdxfIzLZwa2QZVipnH5brgF\n/2xoo0XDX67PDV3RDnkhohJ9GLSXANcn/4hiU4CKs71mmzNgan5BAZjIOSOqVwMy\nQcVVw0D/en2RTGBPfnWo63qxSMISLdUxRYqoVQmKx6s3gYA+Fst2WTXgC7jen8bN\nk8KIeGLwure84Sz4YyecxSg0jYmHCcEDAbQyAnNQlc0A78uWR+qcurtZpjjuWRfy\nT9eYYSqfsZ9G7cDAUPRImV9cA9SNIBFEuQyiGkqCDhn4ZHWvTKxtaZMmU3noKPgv\nmmKAfaPou5c3dNY5KBuBAoIBAQD0Xy/rHkAS6EeRMBk7JjNh6nzbayhSHB7jCPAq\n0x6PUkIdoNX4qKbpFYghFLDRElSgEYlud+iAQaxe3LL/uq7CvdgyinjJRXd9tm7x\nK7T8w/tgMk8VkJ311wYb1Dge8TDJrijVX7kr6J7oEVbO3qr44pkm20HvDT/k23in\nYfGQdBXoslljk8MxVW+d95F9LVhNZ7FQUJfp0GpAe78qgLCv3l3jx8rbwDBBlmtk\nmlURtR/SNJeKQlD0XL0FvXDF1ISy1/TVGoz+Q5XwKfC8JMAFdJIJDri+XV6mhiUH\nqK2t2Wip3UuKaZ0VGg/xZHo1wu2i5QhiSQzug8KtrOdPjjqdAoIBAQDZEjYuV6rv\ncXKaz3Blu+M8tSwwnxgZeDqVVYNSwgyR17CPO/uURTLxoPk7fvWIwcrOeFypV+z+\nTWnZcL/LIwSMZHZaN3WjbjKMWlzDc8JTg6wAq6t3LvGiAQTbaaUxwQF1IwvtEHBg\nf82bD1qu5glnrub3sEdR/zC2Wfust8c4cMUk/jUsvR8tGdymHfB4cdoRfv02XuNI\nsoDbF5D/YJKaJEsqEs+FVeOWeEYWadD3Ayoizlq0+t5W1KL8nGp11goN/lTX5n4h\nGCHu4PlD/8SUt4FBoXNZIQrGrB3aiI28X5kDpY2zWMxwE0adZUbCCMNkcbjECbhx\n7WENGKaXrXATAoIBAEPyC3LGMG6RYwS9aOaHUpYRCrI/czCRXQ0nOQ/PL5oN9xAh\n3hyLWA1KzVTVWexnulvfRGUQtfajS/f8SVDNaTYAbxJuafMce4LarLIlwubc3xH6\nKv8F/MWUCcDHGuuPiE8rO3NIcEYDIdvIpmhShRs6dfbV09lRx8gsNbnkg7P0cvsG\nS9BiD02yQZycbzls2DZ9dFGudu6t4j0Xqyl4KqhbnaNts7uyDjjOSAHq32hTAgwC\nT3hDxBqNhokICUkYM+U+Inb2MOmphREHuEW3uiRKKyiVjUxwzZZjifw9LD1AS9ef\nDhfoEaMCYhhuJYS5NDWslM4vHYdb309G2fHGzAkCggEAOF3sR9hoAMla0yxuqVxC\nw67gDLgjT+nSfJi6AzF0hiKWLHuM9pGJiwkb7wEmzR5VhYvns+mrFtYPWHFYvG0Z\nb0NfIEoqeAfThHKqh+51Va5pabsqSUadZE4Tbs5eIS9XK42wORz9sXE+eLdh+uyt\nIIlgXI0f2AEGKzPukIkgaF2QM+z27ekmQVXn4BMCMKSP1d897XJyXpxLrZjPBCGV\nsAUgp4o+7QbClH4i5QsRQjNGK8ed8kT6m12X/TS4yGSOM9gJPA8UTY+wsBEnaSrv\nZxbHr7028LwNyk1Da03uUC4a08GXrCyw2aGHwrNbzmLsKhcFvZIwnRThEL+H8vcM\nlQKCAQAcDABYAvGLO+yBI3f2t4jsryiAVszt5woer4M7KQZRXZ0tVO8oDb6zmiN5\nWDZkclsfJqjV+ulPuWuM4sPAst04pYO0VNNyiZPy+Unb+2cryQHR28zpbT+9oc5y\n9VTTkOQaLmvXelOxr3B6hJaqAAPwd/FaHALCrSI89egThjxwNhyQ3sk9NX0YQp3i\nfkwV/FcX2Ti3Sax/d41Sn8VJiB9PTTgPLkq/qy58NtifUEmLSUgL3XMsza5WkSb7\nJS4n8VoYt6Ssey1c0wlvxf9tk0Jllp9YOIOmBv3bSJ71T6OrZTiGNRT9s0ML9PA5\nBlH/ZZc8tG5q60cIon8/i614nhC1\n-----END PRIVATE KEY-----\n', '1', '1540801957', '1540801961', null, '0');
INSERT INTO `ta_key` VALUES ('143', '6', null, '-----BEGIN PRIVATE KEY-----\nMIIJQwIBADANBgkqhkiG9w0BAQEFAASCCS0wggkpAgEAAoICAQDWc0AcFB6wLlrj\nK7M5eXGlCipHR8qYB/9F9riK5keoWeLC3uokuYCqZKvbTrUfXxGPT6PHUkkCXvf2\nvuJjtqC5pVfI2EktOcAKBSZzR9Ke6wKdMBgKcEvhQVYVMdwmgb+zRbE3/ektxri5\nw+IF+KkSdjn35lPvXyu3JAHslhawmpjShc2gdTfxUHg79A1Wapm4T70YZIdPu1c+\n18sHHIWTNvVnRztugZlbmTsPTKQsa1ayko4J/VXCOilIa4XvLFm/KCIQvmNSote3\nntDR53suBRKtBfTxgdwGxgaOakxcayDJALc+UEnKArg8GHpYXqesETV1oGMjLh3l\nXNrvV+AVM5CXbiFy8HbJaHtvJd6AsMI7VEacoO2wzYjPGvOVaXMNE+sWrb2m0GR3\neSy8b/BDVRsur6xRmnbL3m/DFVttgb9UtXR+BODZgNeFi6jTadrTAOwnMeOHMNx3\n3SNGICMkutyhiVlf4ZTycEh2qXXX72cfNvdFCXZNHdT/FqhaR43t5zO9Rbx2feYA\nj/2aBfu3X+L6dOYD1rXuqm6bJFhwgTyOxaPffKLmuBzL/cgX2EmNczHlHWGLM/QR\nuDH5oW6Li28Z0BU99gbGSre3RbYev4mmoNsXmISHjeglm8xxOpJMU1HaBmcc3yL2\nN8pJTvfzpMwAwSITF6hpV3Zp3f5LVQIDAQABAoICAEDHncUdmsuTpSbca45gDiFR\nucXAfQWB3O3wgnyK5XiIdoRxO/+N/bz7HiLoWrQ4TqCg6RNr2twZfgQOU2rVnyWV\nObhVBX3g5Q7h0WSffJM+4JJFFe4JUBKiXvOWFS+YoCTyV39Xdxm53tFWx68QF1qZ\nVhd5fz9e22C+QsqJ6B6/BI0LmDrxTc3ahgduSJ0jJH5VsARvUaSXLdqw6wah6gO3\nZVgmX2CZS48s8XdEqo80eYMF3FxOJ5q9YP0cZeAC4LVq1SeDq5Mp18oC8oeFymLz\na1nS49QUazesmAxrNdfxEH1HdxMew7t/KNIWfta0+Sd0J1b59RiKdMN1UjlcrTaM\nxt/qpcMbyZw4qumd77fcwbD/ML1q7R6obff9k4FAgNNxT5K4LnCuP3b6cXzbLTzl\nsBK8VOm+7zrCVLubRdLkKJ0IPHEmKfzodN3l3rLQr6t+umifvrihEEmN8F1/omqE\nsb6EEWhgmZPrYkHq3s/ma2gVRxUY5GV6L8C7rQeJizcNGF0P36mxMjoR+f6jZoB8\nQu5upLPtoAII3yfu4pFtZ8jtDcBGyD9KAuVI5tIHJC2Z2+OVariH8ME1mVNFjlx9\nPEtB5S9wXsaXglAVqNkEf0AeuG1N9MC5EexHZXQ/wdfOc/iAYssgzKKh2qF3fxNs\nChMGLPQO2tEkUUmQ0U7BAoIBAQDrhcY+JvENxDmNrcEqaFIG8dDAcpA91Ydoqlib\nxRxdAF00sjLubw3qdXdaZe0mMJToPzRvem2jb7jNx8PlEmAspLqmyDrY4cMZBMT+\nZsn87soxlTnGPzEo1c9F0z/5PQdFbJwHSzYW3jIU0saBiOvcMgFKY3e7/8Z098tO\nFlPgt5oTEgQhB8prYjF42BGC6/VXA0OEMy+dic2FBaCUq9y3gSK8QNsFGWLBhThh\np3ugYg5D8VfFxUWLbociTachlFFP8iW9wFq1jfC5HYQ5Iic77rTF5EV4RR1P0hki\nZAT/3V0ktVoUK2TLc/zwLuc7AGHZ0gITZf9sKtn9IMZcF6YlAoIBAQDpGHNdSzbn\nLOQ279ceWIiUxI/BnwxaRLB6ziNhbulX8IwuEFmKjvHodAwVM5ITbGCUfnQINQTT\nQpaK9CMIsn3LtzxOxFksSsXxCihx40E7VlpSyXfIa1E8lGcn789SzTUfGusQ6GlC\nInL21uAhFp2Q/62vWIHf+wpr6oXDFzOC7VZfQPM9jNzJQqhpELS7UtjFV2xVGFT5\nvtN07AAvkAVjsFk8mUXQiUTUXFWvSkaP8AWXbtPM+HWtKQd74VY5o/ekQolcR5pd\nNyTcCS5AgsJwlHVNSELyOYJzvhKqCGmt278jfksARdZrOys2wQ+F8vQ//CqdpgNa\nZnOtodF2t5FxAoIBAQCqgTUsh5qZYcZcuD6QiedgWa3LtOSRr0URU8lEM+W9uma/\noIZYsRM8+n9GdWXC8QbMP/2g+tvmpxn997Hs42m2yCbMWUao/n/0W8yVdCqkrua4\nEJU73UGkk20z2qSEtlbOPruSWDO3SHKvOow0+L/vsE/Y37ut4ZR113JafLWKiMDF\nL5THqNE0/mhcWOgMhPAfZyB402mUPlAIDjPbjbQDMTzJVpZ40ZD6EoznvY01Zed3\n7n+hkJgxQfoYrmjhWXOoUeBax6ejqjdsfF7d0cjfjYdXgFN+p2J6B9rkV856wXIO\nAjBNS8DzvWuPIhWKVFOCkpOoIX5Re5BGvXR89S31AoIBAGGZdEye/rkjSdda63bw\nWRf5ibvnzbNKSZ7SC2xzlU7WEMwE2okyu0W6uYhzFHn/ih0DKbB6CrAulHxQJw8w\nNY4EBkNw4WmzUVhRCYhOQHUI/j7lzrrjfJtiBCNrvSKNe+2vRrfIqLIhXIPQiv4v\nyv/4no/p/k97fOycwS9j2pS6rcyqlG60OYon1/5OGW7KDKvspBapXoNIDKBLZPSF\nWExafbLq9pmPsHs+wj3oWs1QEfdLV3Heot9Da7fKLWFrL3jex0cVUCQxv8RGL9Ch\nL6sV7lvSov1raRzvfD8n0KAUf97rtZnCpDo4ByshAU/z36OfAXULGyJR/aO5Osx7\npnECggEBAIiOifyP8Cb9RngLunWFha6j5JHlNAYec4D/UDzzUTYh1vjPkOgXUkNM\nGQFxq3j7YqON8+JBv685dDya0KdXz7Jy65AapWEP18dzCFrriGkAJ3D/VAkjdZyi\ngbpY609fatXukmCJjT4LRWgoxsr6L5iE2+Sr3wELIfJomIA7y6C0wYI9v5Ov/YOG\nvMvAkxN9aRBfSqNvNd6TgK5YAC+jl4tLmFpt3W+a19M2A1IiWUCtQAESQXMdyzMM\nkvhjJlgZ4Kg6ZlXQS+9S67nrr4nY2og4izvxR+fHmkZKUW3zSS9uCh72ihfMkd4o\nAcL73pY7LpuR/VDGa4Ynm9zMuXNe1W8=\n-----END PRIVATE KEY-----\n', '1', '1540802813', '1540802813', null, '0');
INSERT INTO `ta_key` VALUES ('144', '1', null, '-----BEGIN PRIVATE KEY-----\nMIIJRAIBADANBgkqhkiG9w0BAQEFAASCCS4wggkqAgEAAoICAQDToe6DlfLoiJqd\nxk4E/sFKtbavCojgKbcDdPfqDC6NCAXyovW/1QvjAXcyg7krt4t52o2pRUtvK/hf\n6lv8XEHV/WA6cE7cr9T/FIrHiQm0kBpCOiRpGMOLN/rSjRFdd1VHAKrAFth2Ai8y\n02jODtVe8td83ANTpN4tr2b1kyRjHUIM3HoDCi3/YWAks/eDPaE1c128kkJElkup\nFPzkgnGa5X84SY7pWBx2pnaJicIMUdARM4RCiu42Jac8OaKcfjuHbypFomHEn8Cv\naV9uc4hkGnpEu+nVnBKH0M3Bgv1561/rCnbX8HdnRaeqIMtg+C4JQiO+MEDWQvYV\nQQsE59WZlbZXwhrrOALiOyoWR5lQ5nBRsw2AXTjmPZV5vg1wUfDP1srIgSBCU38+\n+lA1x6Cf/fa/dwrCplKXjK+Ber+mqmVXJ+Gjc8mGx6qc6JbbztRHaOd9LX8QWDyO\nj3oAQITgHBS6joq3nXKEK8BTMMitqgHw7Xq45qp5drjJnunMfi2QqH1s1M+PeC9U\nCEVr3sDOkxSBRwy4LLgh1Yr2LswOUo1yH19d4kMAKb6s886Lygj9jHwCkTYqvrMb\n/PHPhs1/WPj25jHiOVbpukEbFOkOna0ycTewHQwacQ/Y6VEB4AGFlPOo9ZRYNbPP\nmb1rVDW149vd7sQV0/yKQboa1gACTwIDAQABAoICAF/fNsbjkhQndivNXyDCK9xl\nb2niktlB7IejYH/lnt0C6nbdvgh2QhlHW7FFnQgh8Qx1psEtBBxLxgvlhmBPhv+i\n9gnjQMaW3R3lN21nNj9XHJ4t6rq1njgeVwE1KM23tqkgszmr38mt+aXDwfG/JIgL\n6PTGUrd8s63sjO7pBo3j/j0HUDq6TNYpTb2yzYjlzXcCWU+Izn51u7bQLDR0p3Rt\nTPG52QT6hoJ1rLNn9cFQ+rogJWVjvMBI1HbjATh1sxAKmxLKmhHR8R9F1BacPghj\nOkqS+j5rorVmMR/d8Ghf6ab3qZjvdZgSJP9cNeYq5+gHz1tkTqsB0KsWOSCyyb8j\nacXkkK3Em0Kqj2HcsOJGwZRdANUL4xgo0ICT9tW390FbHAIt9d3RkOll0fwUTZQB\nK03B5v6PWUII4fAL7HaPgs6/8AKwj9+n1iHx6ZiGtimFnu+nMit44NYJ3o7MfYjh\nC6EjsSPYD14bKyHvKnHvql9N54XjOSFE9+pE7bBJdMbvgVRvlisKgqSMXixe6pz4\naEeXBQooz0o9a/17R9udahj+bzj8X76917PuH6lUokBvRbQ9RRb8A3LmKpGqrVqb\nNMNAJLaVhcqDGIarKww15vnS2LBzsa8lBJ9KIu++WbE3W+ouN3I+DDjIDej2CT9C\nLcAwIPCsUMHVHNCWDmSRAoIBAQD60CTgM7Tm5+W+biC+2ZMQlH7qbeBe9y9DnJ15\nTiB7c/Zf3GCA2L9jipZkBaK9UF60bAriEfu/O/EbV9UWbR+jTZGTKBOYjqZlKAml\n7lE4jyMOnQ28oe7oadXnvNfwHilxnF+S45n4pe6z2wMd6a4QNCk+HwOJ7Xazx+Ic\nAxRsLP60XhvfVKdO8f3hJLfFowj3Nr621drrCdTjFQI8N8+Sp92r8+hV70jLHtkl\ndcjjSzxyZnsV3oQ3HdUPjwa1PhyMVZIctH07cbyMUo2OWznmdbxlJPUwjEFS9Prg\nNz7jQ9hetpne22H+/IhwPqxUx+grnx41x4yjpiZa3G+fgRvnAoIBAQDYAluhaK3y\nLXiWRjiIN3FEyo9FeGHt47oHmVNuOBNpWaGp7nkFyfMFNolU/ytmvBr6i+Dz4lzO\nRhs4FEdgvVMGOAKJhHL9vew57vBZ1OJdGHLLpCBi+V91qqtjLKtcneMcbHRW9NYd\n1aCuj88Z4MqEs4zKFxT9jUwJWkNp5U2UFYUcp8wVXs8C6hD/nu8NBwJHNMoHLTSN\n5t+zH/fMslA+JQFO4ifr1938WOqC27paihPmwHhka5wjavdTXN7mNhqUSRwfy4KV\nOrjiwAAzqo7+J3fk2kQZcs/b/x3jjithTdFZaNK+7d3pH+qLBU/pZWTWfFjR8IR8\nuydy9CRoBllZAoIBAQCFTMB8hB6eJht9hSxUInC9/B4j2/fGoRr2lTNAeFxdIHmN\n4yNK92dosQxS5ofik+dxfoaeNi6VKXdwL9Mpkx+gfCZljoQzrYUT+B6AmNOD+tcH\n+kKFwY6m6TDtc/lUPcOLBS/qcpqvgwkFf939NOf05rQQtwz7bkCLNi2e86gUAinw\nlJ+9p1EwbP6gfRJKsOaf9PGRXMF374a8lbrVZFgmup7et8gAfCc1BRUlip8U5jSf\nHIZITjX40RsepMZM51Dm6Me6B9cTE9TAw1NGmIeCS4qwOt8xSSmivF7lcZcz1CgX\n1naa8f/4NCETfsu6V3C2VmAI9yBxDWoPGl8c59J7AoIBAQCSQ0Z4TME7sr5sQrAU\nzDXONro8d/8XbZORgaiUgTPjqeVlgyw/VzdO2Fa1TvK8ZbJ+5Cg1+5iLs7zKhDCw\nuIF3PIW7SAv09Jz3vWrR6Ow9zUgty7yCSAjzS9UxGhYOaHpXzLgaCT7ShMyAZq/8\n/dEjedBjJq334a0SyCPNmI6nLssrVBNEhSX2+zb3X07Oq2hHft8tbNahHytpxsOr\nvzHGYpg4KbqOX2TYcfyZDt9oXwaKwNjEZnkbIlrF/6SOjSQCNF7uyIZrNY/rOcbp\nNRwNy/vK4mAqOyuz81Lxulp1UJPozqmkzrvsFshhyf8KMrXM5fXecdXD/5X+qIHe\nTi5BAoIBAQDlEyGa79UZbA9/LSo0IaRzjMZKOs3xY0cg5baeP+Uzn2CvpKItFcn4\nRXkLX8UL6/IO/BZ8MGa/Yn4OYaS3+WIm7lWr0VSol98ECh8Kotb7pnwzu2qV5dsc\nFuxeuoJL5p74R4Cb5XBx1jAXoSLaMkuV7/q8XNTPXdqpYbMarXrbrfSF3lBDVzks\ni4ZCQCYPbtZocdLmoernq5kK2pxb0q1Auke9KuwKUsaj0HquhQ/Wx8vaQEK3ktBk\nRSUwPZEpA0AE0zxeKVP3LaFf9HBlSDx6VfHHLWR7RBYr++7ZvRmXj9V45CYZOTnJ\nmHqDj+yyh1FcIWRcwh1Sr7NbCAkWECSY\n-----END PRIVATE KEY-----\n', '1', '1540802990', '1540802990', null, '0');
INSERT INTO `ta_key` VALUES ('145', '1', null, '-----BEGIN PRIVATE KEY-----\nMIIJQgIBADANBgkqhkiG9w0BAQEFAASCCSwwggkoAgEAAoICAQDKeOtr7s27VDly\nA8DTHVlyqnob4IbjjLBlw3qUpesyZDiKWGx619GxDNKi6sDNtBEWmy45lD8cp40q\nbn6rOqjFuvrjOEtl3R4I0JlLD90FoCqfxtiW9gYU8nB/MoyuqSiYyfOgHXie9hT1\nNm3jUY9Ra1K0EKvwPDShPF4773KHib1o4dYDCkkjC9Z1fjAejG6Vt37WAYwILAWB\nMZ/K0H0zfHby3vRTt6l+4xzEKIvsnh29CILySI2ZyNOSgAb/rq76Q8b+7IRYpgs1\nOEyBFmYMdo3x72/cO5AEniYwzu9OjBpp1+VJwcoMO7/ZZykYKr53KY/rY3sIgNH1\nwpOZqcD9N/Os4RwRyUvY4+iONEXvzByHl4FyM/mKjscl/4d5Vj/Je9ns6Zkgt96K\n/Na7XMD6H7GCf4q1vDRsAx5UU4RTKuGxDvQ2QI5Hzy8+4jv1nAvyv3If7yJgzbqp\nXf0GUxt/WgbQwCY+MyhOuTqYsOdwlAEf/jFaT3aaNmSTyj3e1HrKMoEhWao7i5ML\nTMws1UYovL42So2KyncfatUxXe8HiFKiqs/fROK6V8xzZUInRwuw2hOjZuM0lalT\nNw0dUOsw90a/qBfGdM2grh4uSZTm57mOyc8Z6dNTWeIb18GtY4o1VXyCFAaS3bgO\neriIJITm+x3OnBafrpKPSHodfoUtVQIDAQABAoICAF+PMHVxcNHwD2i7Ur+RA411\n3knX73HoDb0JxInxwQ64dGL/FrvnrkUkqylPKI4tZT9JIEj2qc7JWXvkSI5iEhO4\niv7Aq/04nhtE8ISXyRYFoPhl7gVZukcaoXO3FOS+W7W44u332t0TgZK2DKkT7lNc\nFt17XNr2X1SV3FfnTCOiI64joFExApGy3ZX4Z5eTagHpZ8hzVHbq5/IwzJz5R44M\nOUupZKE6dpm3cPU3ucqEWb7FDKBzE7m4Kfrjx+nWtSjS4lGgqVn5jCKjHqByRNmu\n/pFoE2BbED7NsXKpyBJHV5QK3GGyP70EWiiuYpvQWLJ/ADj1a7T4r5+RJP6KOtWv\nznCn3ufK0WmJ7/u8furdBmvgNajSwmU1+SMsbzNEpOxraYS7aicqINxY4zODXz1R\nJ9Wrisv/pHapXVL0Al1ZSKjk7K6/o3gADAYPJPlMX/ke15vXcU5tuK9pi/TepGEd\ndk+O457MTYSsbTXeN74xx00rjoFVvX7/akSExYJD0Naeuq4Psz28ZMB1zg3ZeVoz\nNdHcLRMUpXZkMZ+kb1FBXCOMp2N3E6ZhAdfNF4zHEIciAkwl+qOLdhW0zIORfFyc\nhgUzqOD7UYxb2N8ZvZo3Ous9D0qcd72gjjyh8MC0BrvQpC39hUH3vm1TaY9+q372\n/DM98zMX3rDISEvbjoxBAoIBAQD/EA3L9GQqvhU9Q58RBBA7CdZn+cHqGg9OhjMu\nwBAjElC5RhQMQmd6P+l1WSMY1keZTg3SDhF0dQ6Pjsua0CNRSsgUMLxIJvjI6Ska\neWTKw09DcjDycbljoWPg2himyieBS+sSMjebuxoOAZ7ZI8txNY0L4bDP9tNEo9mM\niMpYzYQcBUKX/WSTf+McPgT+Jp/ma13A6DvYpOlOvvtTd43TTWpuKLSmCw2/FDX6\nCm2VHUH5vE4QYUAyMDE4ON4UQh8IDXrQ6iZ+6rL/xf7z/DM2PKkqlbdiLWO6olZj\nZIP5w+zE6yQkf5qC/VMzQjDdX/BLhm5t3QF0c8I1LjSi9HIxAoIBAQDLN2RmV7na\nsoJHxl2VXjvd1ccryvwF8i/CE2ba/TGqfWfOmpECOl8wsQrO6YIyCIljNlE31S/3\nmB2M0hUplY+agYwHntbSUlbM1bKiiDiYdqKd60UP5gez7qvXmoloJGue1SANSeFd\nUJPbbx5H2P63Xt7995fIye/F4qDoCYZS0KK2rDs8H452NnUZM/x1ebv/bslkSUWP\ntye8fkOyVKrF1b8ant9Zqqmz330VA+HuI+oEife0KGgxPOuDJLl7DJXyBBQFK4Ru\nZ3zA3YceNFVVoERL/+yItGTuN1gjIqInA0YxzVdmU2uOCDcnlyhweixOJp+NaMby\nX40IOu7xLiBlAoIBAQDJxWVkppxmw6ABqvC2gURlr86Qyh8AlkTtlXP/06fwVpjN\nOAa7+/vn1Y9VaYI+L6TMPdbpCH/+ZGt0XT3r5iNKN6I3dqY7XbkJFomRi96UGBUo\nAbl+0UAa9J0STvWZW+oMeoYnCtq6szRVSCrlE0/o6rf9YjiBC3ztm8CJT9ziixGr\nKO4ZVjauCEkdGmLQurVbjivIYu6U30BBLwuaZ8UmFuPO6RyfDbd+JPreJkmx4EdE\nzBXlF0m1ajJFi5cC55usvx0dD14MoJWhiHu7fxL0IOCh83XykH2IMsusLOPKPZeb\n33fj952/aa7bqc0GEtMArAPHnUF9YeWMNFUnY8DBAoIBAE33WpXJYoz9n+5ZtN3x\n4ZYixt+OaVL+sEQNnZC3Q67dnk4uDySDsLHFuxfXjxQTImLmHBMHv/eGbQ/yKhxi\nPU5SFZ922YSoApVkB71D9jLIkWt1MHIBF0N5doSpzb4e+wtdSYbPqZ9bot61qzB1\nmIRR6cwWii2HDG8nnARqYxay5TqgqblPgiDok9SvlVSc9/vwTWQkmIOjCaPP7bkl\nsr9kWoWkHp0QVTulqx+89ZmgPdCv/lEoj5EUhmcyV9dV5NGNrwCsyYpyOfLlC0oT\nWgoYCxv9fIqWa4LZyP7x8rR1FSFWXwnrR4CetkqCPAmrVgRF3UEryeiDsGBP/Ayc\nXeECggEAAmhBQM007kMD66zAgSHySW1Fpin2ZacevMF0pJjvbXE/x5mlW070HTXm\nwMHgCJELvQDbrWotEu5yBM1lQFMn+PKq0+MGjmwTtdv5OxcdtHTBI3sTtP8UpYho\nR1V7d8JY3GFJmvgG3itOqXKvzmTSJEWF7EKg61aOw7ZE6jhEWa3UxQyrb9d/A2ng\nf1941EId0X887Gndk8/tKluMBTc/JEuw9/2xUyRIs7bJD6TuFFn3iDufSkijipXf\nXTxjVg5h3rmpCU1wET0xpFGwn8YDAeN5NOOhJQbJ6k3tGNYqiai5VM5wKM0uX+mh\nSvKo2Ec71vmS54j6XLGQplPceFnygw==\n-----END PRIVATE KEY-----\n', '1', '1540803025', '1540803025', null, '0');
INSERT INTO `ta_key` VALUES ('146', '1', null, '-----BEGIN PRIVATE KEY-----\nMIIJQwIBADANBgkqhkiG9w0BAQEFAASCCS0wggkpAgEAAoICAQDYFohzDSBjzmTs\ndGSvwRow8fi2EmQaXPIUcHbrjyN7Bq5d9KEZH8J8iboT/+W4XcSEZWC0wLAtgHlq\ntCYt7BqQEnvKhSuC9yVz2kZ5cyQa/99j1xk0/DDggTkhH2MSl1Qtj6MGNGMdN07X\n5yqz5YvRp8fbLnbnmdv0qkAr1xwTxGhqr7LDoTBs0ETxfTnJp/VwuY8EyPgSohOu\niMLmrB0boifSWMbJB3tvMIgf7Cal157deVGxH3LrnroVmilxSnaTFhRzgNV1qtzP\nyhA1KKG7mfHpDce0AHyotkJrTBw3lXDD2SjxTiUXlCFlIi/ZENOV8jcfqe/hmMfH\nfD0nQGV52wO8D03GGzOPqIH717gvio02JKWLDOacE1CvuBvQRLOlvBZYefisnDCQ\nZES8zX61dKa5iArFCw/D8GDVL9fD+eE6xh13oWpC9P2dELWbUqEeNrkDi04YBXAx\nO9qc1qmPfpiOOH7KZeQ/XS4GfKPQxVU9SDvyUyaxRNt3m53oiiMBd/bItw+uiB5D\nI1r2xj+cIJrkjkFW9mxuP9cm5LKBsupPiZdZgQ83daRXDAZdUItH013MsqRmpwVw\n5mSvbXNHTpVRzyScA22CiI/4z4m96bnwk1dArzn42/PTe6G83gsPLR6UVNU44oxu\nKa2CxWbbCr/1gJsqztDzv2vfArwNTwIDAQABAoICAQCXcKNMToTGrd1ZQfFWo3Sh\nnNN7dsQlHcKixHbze6uYCwSk4E8O9o0tDrEUVyE95qlVSF9QDkLqgMGXII4pXPD4\ny5tqQY5PCLp8yRre/uzs5yo+JH+L/LqcfLP3HLIoU1oxXBsavBhCX4KoGWB6F4O3\n+Wg9mgDHK7NVcwPqNaV9zQaIzn3wUMVJXWUUAXlAdK+0wrcS2W3SUTiN91bwpur3\ndNuHtaQLO20sbczY4n3reIPkH6Q7CBlYPDOZ9CLbPR6A0taeZEo1XvvFvI1DVCiU\n+7zoYjn1UuoKq0E9RWf5JIiVGVpyUxv3vF7zK9RwwjQnQEuVq1lst9A7ZDzPh3gV\ndmYQIrWt6KuDlg5QaPYg54SoRByPLQHuxAQzzx//aFG5OjFt4mujHiH+gdB5cHIs\nKHw1hr3N+fTZ136OqftWaMcrYm6iX0wLe9wyqDIB6x/ifw1WSbfV1xdwDYChZGWw\nW0ELVZkwQdlVyf/K0JOW1y4glacvNLqCNpHvBEO3zEKbiq490axa8m9S6Mqvee6w\nFlZfqben9Dn2EFmAx6hWK6AsHsFjxLWDk0X9wsBntzfxcJX6CnrgY/8w5jW+JhpL\nNU5jqJmC4VGUqNSorvglBkC+Vzf+yRzTV+hRLIhkrRK5FihhyCHPqrGE01XS6PMA\nn/W5r39f1FgLfEvzgjYrIQKCAQEA9607Dm3sOC+URIfgRcxQhyzn29RYPA+34qTY\nt+4y8jfAioZT5QA5xEBvGUtJ4jeL0J8KYdKcwYf9WlCbFNx+Xi/lfxgz7lV1ZX/m\nYBKmclt3wno1MXu1Acyda8EeVicc0Ua5aIuBb+4pVUaJ/6mWFJd/ln2FF2L5c+Ph\n4nG171xYS7IvVcQ7AHBuWPaKe2I62WjqVi0mpHV0Z9Dh6e5kt7nQpSXL2m+UUgjV\nOGuqrfCDfL9ZpfFC9bxzt1KtJTZzc9nqdqn9ohq5A5MCVH89ufpyfaApEg9e38oM\ntFAdQQzeb1m9o4Q8xllh0HZpDaqZuzHsFJkU1ChGH/rYIg4+xwKCAQEA31mLT3nL\nEeecRa3NGKsJ41dMxndPUnSHKlWJpDlwX8bJOam+46PufeIUrNIgAr7TnNOl5x4f\ny1N5J4jishWiIYUCmXG/FykH+TFF5f7VMFhNSr6XpQs1IFj4/hnhGyx2wHDXD3zS\niUPodsos3DrPM/DO/DLYZ6/WQ9Q/+ffnpkzX2d4bb+4nvt5IDdYXb1xFTbbBCyXC\nRhIpr86dhywnICQids/HhDcvPxDfUM+Zyisn0JX8K9RPKZnvuJ1Q4iLYyKc4teYX\n+KtGfZzDcy1vzDEgM58uWTPww2+b4PAfIZ3rqsbVmOq98w8UCRKuOBNrQ6LlQ5qk\nSdQTc9BQ34hVOQKCAQEAjuMoy/VMr0l7v2GoWHw8BRA6H0/NK7Fhw+aYhNxuFeFm\nOkSux9GugfMuZShTUqf7CHuIcNEh0GEVH/Ka1ZkzakE1pHIhG6G/3bPBA7IexqDQ\nYalBYO/eiFA0jYLXbpqX/IBR3OeG4D1FKUZNvOpohC620+pMSya1hU919L7nWFUt\nN1ZwConwBBvY/YgWcoJEM0Nc1iSsQ3rjkjUm8F+xSXFw1qYMilOO/RjNcgRjbn/w\nS5rVLHAY0k5Lb/rJm0tjpfWVV6pQgiHqlQ5N7NOPl+jN/n3U0+98K52UYL5Lckjr\nVtAuINTcfw336V021ESU9jMh4OxD4PXvJun/oP4Y5wKCAQBCK20yZorbCxspKYyR\nulp7l+mPAtnlO9CvohfdJ4c7WNFU3A1Js898S/aEHNyO86oN1EZaanpQ6rICHHPM\n/svB0n4qp6BNZEKQeSCUOyM952s+saiLpP5gTvu1jEU8n7eu279bP0fAkvXT+6G+\nvU2VvcoUvZuPXHDGN6Ocku12P13TlhHa31u3GHOQZdUbkOKXW4VloBImYEspYrUY\nzuPoicwMFxKtAQxmSsFeV6LgWli5WzYSZhvt30U+FJ1Z4akICUKr4TdI3LVNkZv2\nC4gLnqJDqO06UEEMJYyw33LZqsefGLk/TIxp7hWpendS9a3Zo/D4TmBN3x7EOPs8\nvk9BAoIBAAUzqC7RTX+/COtCayj50m2bKd9M4WMsCqSWjurjlu9t1pxhuS9HPrDn\nwQYEpNB3SrC3MwA/26Y6YjUoFKvctTH2LPcTQy1HnpXQbTxbKkZhIt6JfPPOzDOr\nCA+qhBT/a6Lg8i3S9qIELHZwHB3684WwX3Uj2GZ/jQsJomIUyB5LlfEsIryBZOrY\nkb/v7ROquUMayPPaxE+n+WVUL9QAIXy9OHJfHfL7CH8rT+F+6wsas32qNiyckIs9\n7h55vTTLY60Y+CQhiLxlyRAN+iCcFhInMM9Wt9FE09Xxj76T/OlBWGuDYd2jlxZw\nrAVNSBjAfyg/9kKxTa7KSvf/LH/OKb8=\n-----END PRIVATE KEY-----\n', '1', '1540803100', '1540803100', null, '0');
INSERT INTO `ta_key` VALUES ('147', '2', null, '-----BEGIN PRIVATE KEY-----\nMIIJQQIBADANBgkqhkiG9w0BAQEFAASCCSswggknAgEAAoICAQCiQgC8f6yPFcGh\nH3ESAxoWDg4Hm0+1yuaYNxNN2vxH+cmLOMYbUZwJ5eCisCN18hJlzvbfisBWJmae\n1shvk6Jmm3KtjYHHkdQZNo0eP0/oHVQFgL4noaO/sof4FDej8bL0KwkqPL6q1nwo\nm08TIkVI3MLnNVGdZiGFc2hLwi2Um4LG8B5C7Hjqxp9epQFswcF4MlhefLMLqOCB\nEtb0aunYbI/JTwS1JbPmAyG51nnns5KMUpALTpD6lAiCzIuE1J9YJ+SGSJFdybUc\nXjoK1eZzuqkh1tOCFaDHJjPZw6gQvAjUPonHag9woTWejUHy1PPEaiadqjD42qH7\nzU8dCz/vRuH0ug/fTU5Zh92WdXJOviCGit4/RXr8aQ+/1pOvLxXUlq8VNvCkNmvi\nyi9jn8eOT0tOPOQH8eYEHdpcifoL5a+YjdQHc7ebG9kTGNYsghrFF1/DffHaUTdS\n2GssqC+RqdKUZ7TDuLC4hVFboRI1Mip9coEp3BgHQgQW3AH2U4VPR3TDS5Pi5Hcy\np4VlePsyLw2Ldm/nCHoRCaLEchpxnlzFcT4Huq+n0RODz14FTloBbEZWOBzBd0Ia\nAbGFfvx4FsCe1ETVHHYy6/M8F6Zphndb56OOWMmLehwcWuyzh6cCtDZnQ51TdFtb\neOusu+qojTL5B+BGiV1POi4dS1HCJwIDAQABAoICABl9Es6Jo9rKSSN9Y+63bAag\n6JVLUYc2O2kX5cFqMA1CcOWc4onyFPf9E3+a+ccSYs95ZpCRJEukNqSnCs90OqOx\nsZ8Pxp5KCy52wk5JFc1ZphRDOBvTqXx4mCFhU6g+VKVEiWkIJ8+AZ/qdAxv3Wzjp\n7PgTCSIXpBZpna2g8DYTA8UqfSZ4LTp8PxbIBuRFv5WZGwakwh+HxNSh2ACHNvrX\nevLdpdiq9oqgXVDrHzVFoTTH13bfPakPThL1/Mi9+dYIVj698Y/xGrE9IBMJrOzr\nGpyFOa6KpToDh0ujD6ipUR2+QTiBMbG4sUqZ2A1EZJKrNiu4S38cISwEAXSHiuBU\nkZCJUtSZuhHBLT1T09kxy8Hzci33g3s2XiXXSEggwwIcMmjoatmU8pXVWmC2cb1M\nANw+uhm3FprHELYLhDerCV0/s45lx0/GRYZhUeTMDYPPREOPLCEzz3vCer4vosZS\nK+pvTertiu0PbOQOZFvuQvVZBZ/cySsHBMm3L3cQ7BKpEJhF96WJmG8DDMrIKvh1\nzilJzPPva+/mrmdQ4nJKbgBKnUobApfJbBWz3C3CkhF9HARjJfNPya8ek2yO9atb\nzo2bDADCppG92tdGDGAco8YnG0jn962I3NuMSCKT+KrM+Iqf92PviRq0zThrxhpn\nTV7ivvSmERryBNvK2tYBAoIBAQDOdPpPh5Qf4+BGRn0xWQZ3hvZzXE1wUgp3NooH\nKOANu8SdtromdyTYIav/XllBelCaoizPBL58degxDevqNK2E3g34VUw3TOnMtZvl\nSgXjSyOlLGotLmUeCICF3p9+OmMI648XdpK6poQ2PpVYJ8rFTsNFEDFX7C/7mbXV\nPn9vl6X76FlY2VSAwnlmDdU/RD70a1ZNbLUd32LSRCChAnrY4uXBa2d8U3V89glG\nwF4A2uRNE2weXe7TCsPTpwt8Dp2xgYqXiy/VThayGL2beqWHfx/jLlgtLXEAaMWo\nfaiAGdwEuVWbXZRAwd0CB/H8ebDg630mNcawXBOtOtwyi38BAoIBAQDJMcsfefKW\n25qe8GGs6AvVlURrDjsYyRd/LixzIoMczECU0e85EAn6mJ+Uug/xYB8AhjZArmnU\nhOz14zcAvloLjPo7jtemZ57LQ60j+Wk9Jx08ljKDUyB040m7ZfeO14R+YcVzce7C\n9fkRevpSwKHP7dCbhpUjycW29zRK1+X75WqBAUcYpuyNe3dMQ5Jjy3ljmRqtqz+7\nnB1g9rLBHELwvIXUPNZlLyTGpzX0ERFwXRHz0blbtSnHrQHG1Ok0Yf8PyFs9p6wG\nfujES5u7ESEx7ICtNytlm9FBUY25FLtOF2OqwWMbZ7Wt92I37fgLMj/5eGQ7Cjmy\n6mFLdPZa+mknAoIBAA8thmFmZDtb81b3Q6jnFJSg9WlRtde2EFLnTYptNNuNnEzD\n7Dd7tte00gI6G3G23kof9g9aF+7qdCF3FornSIJmGLzS+IFwRBfqmgVnRbuKAJra\nAwxDRufIVDqDPVJ4VGOJfcGJ1Auoxjt+qlgKxNtwiOaA5D/Ee1qR2E5PA+teSLOW\nR0tC3vWAVpBsH+tAxygM5BFZFo+VppwyqftsRT/Anodzr+3x7Mc9Bz2OUtrZPMN1\n1BL/cNlPB0p+E1gRcwJjtZ6ieufBj+WT8AyIHbcyX1PCSnU3zADtsupKIqMYQ5aN\nUX/Uh1ujZO4LS3z2LUy7wz2V4n+ApWms1BdbLgECggEABYwg7KJBJRWzArTgDJNt\nWBtAgq8mw/0vb6tHQHlwIggjs7bCINGnZMh2hfRHYkFjOXF553inpFtx6Sm1p4iY\nFP9zGtdKbOUohLQ9/uLumugML1J43BQbrf1iWA9srvyUQ6PQfOlkSu3bSzcX1dZH\n3+LPwKoKTK1QjUXtpC6lwbdGo330huJ7XT9NP8YRMD05AJ0FFkrFfBfG25iRvy9X\nTSn1iq+OvcV5/xw3KZ6a231FdHKQ6M1q9H15shDGyVH2ZWoB0gZggOFY66imB5dm\nUekSdzQxNyD/uQxVmwfOTk3oypmAcQ3//Wb3x1EBaNWe2/MM2G/kvWEnA5ya+lEz\nOwKCAQAaFvyiIZsy2tUcBvv3rF3X2ngW7aXFZpvL0m1xoRmkF4pa+TDTauMhcxWD\n3XDe3H2bCfybzlmp5Xe6ksGXkYLhlFMVQzajp9w0sjzMe80ZUJoALobwQkOjJhrc\nFFrUCLbhW+Je3paLZSyHe/cub0LqJwbkPgFy2e/zykI1O8QyrpK5OMeR8mkdJRAi\nrRf7ILp+9sej5+dLNKedQvnNSnqGh8Nr9UZd8GKKUZlGJFvkDcMaxz7pgHCCVp0I\nfci0SdyMQz6CuQ+6Ma4S1zuvqueOo9smLRn9jlKywmbgY7Wiz/tgzaas5zUfhO/I\nit0lyuo3tFuti3FylJn9ZEJLZ3UE\n-----END PRIVATE KEY-----\n', '1', '1540803112', '1540803112', null, '0');
INSERT INTO `ta_key` VALUES ('148', '3', null, '0', '1', '1540886629', '1540886629', null, null);
INSERT INTO `ta_key` VALUES ('149', '2', null, 'client\r\ndev tun\r\nproto udp\r\nremote 47.93.203.156 1194\r\nresolv-retry infinite\r\nnobind\r\npersist-key\r\npersist-tun\r\nremote-cert-tls server\r\ncipher AES-256-CBC\r\nverb 3<ca>\n-----BEGIN CERTIFICATE-----\nMIIGwTCCBKmgAwIBAgIJAP4o3knnWnkPMA0GCSqGSIb3DQEBCwUAMIGbMQswCQYD\nVQQGEwJVUzELMAkGA1UECBMCQ0ExFTATBgNVBAcTDFNhbkZyYW5jaXNjbzEQMA4G\nA1UEChMHT3BlblZQTjERMA8GA1UECxMIY2hhbmdlbWUxDzANBgNVBAMUBnZwbl9j\nYTERMA8GA1UEKRMIY2hhbmdlbWUxHzAdBgkqhkiG9w0BCQEWEG1haWxAaG9zdC5k\nb21haW4wHhcNMTgxMDI1MDgwNTI3WhcNMjgxMDIyMDgwNTI3WjCBmzELMAkGA1UE\nBhMCVVMxCzAJBgNVBAgTAkNBMRUwEwYDVQQHEwxTYW5GcmFuY2lzY28xEDAOBgNV\nBAoTB09wZW5WUE4xETAPBgNVBAsTCGNoYW5nZW1lMQ8wDQYDVQQDFAZ2cG5fY2Ex\nETAPBgNVBCkTCGNoYW5nZW1lMR8wHQYJKoZIhvcNAQkBFhBtYWlsQGhvc3QuZG9t\nYWluMIICIjANBgkqhkiG9w0BAQEFAAOCAg8AMIICCgKCAgEAwd/l16aiIFVauzva\nuAo/rc44kH1b1TlPmgt6DOfnSaKyMIa8hqegjk2ignpgfTpNOzFFZrnfKDo5bThH\n1c96nwlGCfwO9OeIJr8Y0nxzOL1AiyLoXo+Tocg2Ab6TbyaGw+/aq95S3Iv+kfrw\nxWiwor7m3Jw7//WaPu3xAvXSwPURZE+I+K/jCl3Pg9sEYIPc+hv2XN7UehXtjk6o\nLHtiEzYittHGnxTdaohJ7E1bQ2DoMDJeqzyHvTtBpxFKcSWqt9WGIadaio9r3WXl\nPoBhwUplvJ65ssCeEjzZl2Thm5w5uZKZWko+xpaxcPvXrnulCi0jxzH2gaUGLO8u\nQBeuZrDzo4/IvrmUV7EJBK2vBzMfMBt0qpkwQYx/py6wmlXTk4zMZwUzEyJLVJI1\nzk/Qj6yqhSGzKZYiL/Z1WcIx4SCjTgiH2RaJogvOYys3Hu9t5vADpm64r1PLgimX\nbx+DdNnlrqwnxNcp8lJDDg9eBLJcE8Chvca/X70+yMY6AxyeFuosRy8xOfPQUsSC\nFLGpZzZXXKy4kYSTPeCYmaYcXfX9a1MvshaVfvZJcY6ooXMTw9arHabm6r0hmlfE\noEBlGgtZRqV8JtDLz9M5Wk2jK14QFcvkYUpKKeqXuHJYQQozLRD+lo6pUXxWvmz3\nIQRwOiFHXOLxwZ6ExA0Jns9eVo8CAwEAAaOCAQQwggEAMB0GA1UdDgQWBBT5ssJZ\nQVXieww9bbB3NxpfCpWHzDCB0AYDVR0jBIHIMIHFgBT5ssJZQVXieww9bbB3Nxpf\nCpWHzKGBoaSBnjCBmzELMAkGA1UEBhMCVVMxCzAJBgNVBAgTAkNBMRUwEwYDVQQH\nEwxTYW5GcmFuY2lzY28xEDAOBgNVBAoTB09wZW5WUE4xETAPBgNVBAsTCGNoYW5n\nZW1lMQ8wDQYDVQQDFAZ2cG5fY2ExETAPBgNVBCkTCGNoYW5nZW1lMR8wHQYJKoZI\nhvcNAQkBFhBtYWlsQGhvc3QuZG9tYWluggkA/ijeSedaeQ8wDAYDVR0TBAUwAwEB\n/zANBgkqhkiG9w0BAQsFAAOCAgEAONm3v6JbwQ7rSnwcV3QhuWcKmiJN5/L3oYRU\nMuuHN03NoC9eF9hNy19ejo2Pf8OVQAY+nEvqvflA8DjeNTIv3nqbN3DIs4/AwDts\naKXNQcsbmlCohUQQeL45cntYg/ERvzkeJaFgLMJHrEYoNN4+42fULXlN9qLPGLWN\nQRB3XKSipepuu2GLWO0NxsWz1j/mGeDT9/Jk06ZoaRKmq7Denen/HscRcsbZCrkr\np0EPvmYgnAoEKDWEuT3nnwk0ozr/ulsXM/oZnrUH+xc7DtZekWurxHM3zqkmN/e9\nkhO1On2gR3W3/uwTSyRf85Mmk3rylaWw2BkVFEJEhIXtNZrYZuxAfBwPIsyF4Aku\nS9/jfRTURuUfQMNLow3xfKpAP3U0JMelx/RBzc0CYM/5hXkUmW7bfiP0rXQMzq3p\nlz2jQ10oLGOYsOOxDLfOGA5CVJu4UNWm4bP1ogm9pWQViLFYSKe9KFRIJDbHtfku\n9e1BXKTyNsxHXcBQ2vlWnb+UGz8diZeQgHoyX2KzUlaNAqSjrqSdTrm4Tesu3bLC\ncyflL+39ukRkWW4gT5Bw/4P3uAmSzfRfo6BdSl9YRtbLtrQVrgrrPNARwepMoijS\nI54rvrxPZQG95XM6yNktkulJ2P08yTQLpwbQbaIp7YNTn5GOWUGkf2phNcte8a/7\n8NYO3M8=\n-----END CERTIFICATE-----\n</ca><cert>\nCertificate:\n    Data:\n        Version: 3 (0x2)\n        Serial Number: 18 (0x12)\n    Signature Algorithm: sha256WithRSAEncryption\n        Issuer: C=US, ST=CA, L=SanFrancisco, O=OpenVPN, OU=changeme, CN=vpn_ca/name=changeme/emailAddress=mail@host.domain\n        Validity\n            Not Before: Oct 29 08:51:52 2018 GMT\n            Not After : Oct 26 08:51:52 2028 GMT\n        Subject: C=CN, ST=BJ, L=CY, O=AVIC, OU=dev, CN=2/emailAddress=songzc@avic-digital.com\n        Subject Public Key Info:\n            Public Key Algorithm: rsaEncryption\n                Public-Key: (4096 bit)\n                Modulus:\n                    00:a2:42:00:bc:7f:ac:8f:15:c1:a1:1f:71:12:03:\n                    1a:16:0e:0e:07:9b:4f:b5:ca:e6:98:37:13:4d:da:\n                    fc:47:f9:c9:8b:38:c6:1b:51:9c:09:e5:e0:a2:b0:\n                    23:75:f2:12:65:ce:f6:df:8a:c0:56:26:66:9e:d6:\n                    c8:6f:93:a2:66:9b:72:ad:8d:81:c7:91:d4:19:36:\n                    8d:1e:3f:4f:e8:1d:54:05:80:be:27:a1:a3:bf:b2:\n                    87:f8:14:37:a3:f1:b2:f4:2b:09:2a:3c:be:aa:d6:\n                    7c:28:9b:4f:13:22:45:48:dc:c2:e7:35:51:9d:66:\n                    21:85:73:68:4b:c2:2d:94:9b:82:c6:f0:1e:42:ec:\n                    78:ea:c6:9f:5e:a5:01:6c:c1:c1:78:32:58:5e:7c:\n                    b3:0b:a8:e0:81:12:d6:f4:6a:e9:d8:6c:8f:c9:4f:\n                    04:b5:25:b3:e6:03:21:b9:d6:79:e7:b3:92:8c:52:\n                    90:0b:4e:90:fa:94:08:82:cc:8b:84:d4:9f:58:27:\n                    e4:86:48:91:5d:c9:b5:1c:5e:3a:0a:d5:e6:73:ba:\n                    a9:21:d6:d3:82:15:a0:c7:26:33:d9:c3:a8:10:bc:\n                    08:d4:3e:89:c7:6a:0f:70:a1:35:9e:8d:41:f2:d4:\n                    f3:c4:6a:26:9d:aa:30:f8:da:a1:fb:cd:4f:1d:0b:\n                    3f:ef:46:e1:f4:ba:0f:df:4d:4e:59:87:dd:96:75:\n                    72:4e:be:20:86:8a:de:3f:45:7a:fc:69:0f:bf:d6:\n                    93:af:2f:15:d4:96:af:15:36:f0:a4:36:6b:e2:ca:\n                    2f:63:9f:c7:8e:4f:4b:4e:3c:e4:07:f1:e6:04:1d:\n                    da:5c:89:fa:0b:e5:af:98:8d:d4:07:73:b7:9b:1b:\n                    d9:13:18:d6:2c:82:1a:c5:17:5f:c3:7d:f1:da:51:\n                    37:52:d8:6b:2c:a8:2f:91:a9:d2:94:67:b4:c3:b8:\n                    b0:b8:85:51:5b:a1:12:35:32:2a:7d:72:81:29:dc:\n                    18:07:42:04:16:dc:01:f6:53:85:4f:47:74:c3:4b:\n                    93:e2:e4:77:32:a7:85:65:78:fb:32:2f:0d:8b:76:\n                    6f:e7:08:7a:11:09:a2:c4:72:1a:71:9e:5c:c5:71:\n                    3e:07:ba:af:a7:d1:13:83:cf:5e:05:4e:5a:01:6c:\n                    46:56:38:1c:c1:77:42:1a:01:b1:85:7e:fc:78:16:\n                    c0:9e:d4:44:d5:1c:76:32:eb:f3:3c:17:a6:69:86:\n                    77:5b:e7:a3:8e:58:c9:8b:7a:1c:1c:5a:ec:b3:87:\n                    a7:02:b4:36:67:43:9d:53:74:5b:5b:78:eb:ac:bb:\n                    ea:a8:8d:32:f9:07:e0:46:89:5d:4f:3a:2e:1d:4b:\n                    51:c2:27\n                Exponent: 65537 (0x10001)\n        X509v3 extensions:\n            X509v3 Basic Constraints: \n                CA:FALSE\n            Netscape Comment: \n                Easy-RSA Generated Certificate\n            X509v3 Subject Key Identifier: \n                33:01:30:04:B3:45:60:F8:A8:57:6E:3E:29:8E:ED:38:12:64:67:A6\n            X509v3 Authority Key Identifier: \n                keyid:F9:B2:C2:59:41:55:E2:7B:0C:3D:6D:B0:77:37:1A:5F:0A:95:87:CC\n                DirName:/C=US/ST=CA/L=SanFrancisco/O=OpenVPN/OU=changeme/CN=vpn_ca/name=changeme/emailAddress=mail@host.domain\n                serial:FE:28:DE:49:E7:5A:79:0F\n\n            X509v3 Extended Key Usage: \n                TLS Web Client Authentication\n            X509v3 Key Usage: \n                Digital Signature\n    Signature Algorithm: sha256WithRSAEncryption\n         10:c2:26:a4:31:e7:fb:b3:0f:b2:b2:79:bd:20:c8:ae:be:b5:\n         33:08:cf:18:dd:78:ea:78:8f:3f:e5:a5:5c:e9:70:2c:41:41:\n         27:65:8b:53:d3:3a:76:38:69:42:d4:68:25:35:d9:bb:d9:04:\n         76:76:63:0a:aa:68:8e:6a:3e:87:13:1f:8c:d7:c3:52:af:69:\n         60:4e:99:8f:d2:c4:9f:4d:a4:94:98:da:15:a6:d1:c4:8c:27:\n         7a:d0:9b:24:9e:d1:23:e0:d9:4a:a4:9d:78:63:8d:5f:fa:ff:\n         15:46:d3:c2:19:f4:1d:05:ea:ba:19:68:f0:46:83:7c:47:a4:\n         c4:12:4d:d8:8f:76:dc:82:77:b4:12:c1:d7:85:f9:ff:3f:c4:\n         0d:52:c8:a6:6f:4c:5f:40:41:85:02:1e:6e:52:6a:0c:5c:f7:\n         c5:99:38:b4:9c:24:68:26:bc:83:8b:0e:90:84:45:c7:42:e8:\n         45:1e:0d:91:d2:8e:a5:42:f9:e1:07:0a:ff:4d:0e:a4:c8:fc:\n         9a:5e:3e:12:a4:dd:d2:9c:ad:7c:9d:c1:59:2a:f7:6a:9a:e1:\n         09:d0:72:db:c5:3b:b0:d5:5b:6f:b3:5c:f3:89:30:2b:aa:6d:\n         76:ff:70:f2:1c:e1:97:ab:05:f9:7b:9a:33:02:c3:b8:8b:d9:\n         47:20:92:e2:ab:4b:c6:5b:3f:fe:22:00:63:ad:f1:76:7c:3e:\n         12:0c:f7:11:3b:f3:de:c0:ec:df:71:0f:b5:ae:80:91:25:ae:\n         af:f2:f0:bd:c7:dd:3a:d4:6f:3b:04:30:e7:f0:04:58:5c:dd:\n         68:67:f8:22:96:84:8d:3c:58:85:9a:90:be:ef:c2:b9:91:23:\n         9c:8a:5b:41:e5:33:f9:8f:a4:65:35:48:90:13:1e:05:31:48:\n         6e:9c:3c:9d:90:3e:a1:97:68:ce:f9:3a:08:ca:bd:08:fd:ad:\n         49:87:91:30:3a:43:0c:0c:0b:3a:91:7d:e7:9d:16:9a:03:78:\n         e5:22:f6:36:96:2a:45:45:fa:d7:4a:e8:c9:a4:cb:49:3a:82:\n         50:8c:36:76:b3:78:fd:c5:a4:f1:95:c4:15:7f:23:23:28:6c:\n         22:64:07:7e:6a:39:a9:a8:ea:3e:78:73:07:4d:fa:fe:5f:a5:\n         61:fa:48:6a:aa:8d:2b:26:24:29:6f:f2:d3:99:2f:34:35:22:\n         a9:bf:74:cd:e0:e7:fe:1e:8d:ec:77:e9:f8:c7:47:5b:d9:46:\n         fb:92:70:23:48:17:56:ea:2e:d9:a8:09:18:83:36:e6:b8:24:\n         2f:e4:6a:f0:eb:a1:f4:f3:3c:f1:3b:df:d2:9c:8b:54:fd:09:\n         9c:e9:2b:55:bb:5e:aa:48\n-----BEGIN CERTIFICATE-----\nMIIG4zCCBMugAwIBAgIBEjANBgkqhkiG9w0BAQsFADCBmzELMAkGA1UEBhMCVVMx\nCzAJBgNVBAgTAkNBMRUwEwYDVQQHEwxTYW5GcmFuY2lzY28xEDAOBgNVBAoTB09w\nZW5WUE4xETAPBgNVBAsTCGNoYW5nZW1lMQ8wDQYDVQQDFAZ2cG5fY2ExETAPBgNV\nBCkTCGNoYW5nZW1lMR8wHQYJKoZIhvcNAQkBFhBtYWlsQGhvc3QuZG9tYWluMB4X\nDTE4MTAyOTA4NTE1MloXDTI4MTAyNjA4NTE1MloweDELMAkGA1UEBhMCQ04xCzAJ\nBgNVBAgTAkJKMQswCQYDVQQHEwJDWTENMAsGA1UEChMEQVZJQzEMMAoGA1UECxMD\nZGV2MQowCAYDVQQDEwEyMSYwJAYJKoZIhvcNAQkBFhdzb25nemNAYXZpYy1kaWdp\ndGFsLmNvbTCCAiIwDQYJKoZIhvcNAQEBBQADggIPADCCAgoCggIBAKJCALx/rI8V\nwaEfcRIDGhYODgebT7XK5pg3E03a/Ef5yYs4xhtRnAnl4KKwI3XyEmXO9t+KwFYm\nZp7WyG+Tomabcq2NgceR1Bk2jR4/T+gdVAWAvieho7+yh/gUN6PxsvQrCSo8vqrW\nfCibTxMiRUjcwuc1UZ1mIYVzaEvCLZSbgsbwHkLseOrGn16lAWzBwXgyWF58swuo\n4IES1vRq6dhsj8lPBLUls+YDIbnWeeezkoxSkAtOkPqUCILMi4TUn1gn5IZIkV3J\ntRxeOgrV5nO6qSHW04IVoMcmM9nDqBC8CNQ+icdqD3ChNZ6NQfLU88RqJp2qMPja\nofvNTx0LP+9G4fS6D99NTlmH3ZZ1ck6+IIaK3j9FevxpD7/Wk68vFdSWrxU28KQ2\na+LKL2Ofx45PS0485Afx5gQd2lyJ+gvlr5iN1Adzt5sb2RMY1iyCGsUXX8N98dpR\nN1LYayyoL5Gp0pRntMO4sLiFUVuhEjUyKn1ygSncGAdCBBbcAfZThU9HdMNLk+Lk\ndzKnhWV4+zIvDYt2b+cIehEJosRyGnGeXMVxPge6r6fRE4PPXgVOWgFsRlY4HMF3\nQhoBsYV+/HgWwJ7URNUcdjLr8zwXpmmGd1vno45YyYt6HBxa7LOHpwK0NmdDnVN0\nW1t466y76qiNMvkH4EaJXU86Lh1LUcInAgMBAAGjggFSMIIBTjAJBgNVHRMEAjAA\nMC0GCWCGSAGG+EIBDQQgFh5FYXN5LVJTQSBHZW5lcmF0ZWQgQ2VydGlmaWNhdGUw\nHQYDVR0OBBYEFDMBMASzRWD4qFduPimO7TgSZGemMIHQBgNVHSMEgcgwgcWAFPmy\nwllBVeJ7DD1tsHc3Gl8KlYfMoYGhpIGeMIGbMQswCQYDVQQGEwJVUzELMAkGA1UE\nCBMCQ0ExFTATBgNVBAcTDFNhbkZyYW5jaXNjbzEQMA4GA1UEChMHT3BlblZQTjER\nMA8GA1UECxMIY2hhbmdlbWUxDzANBgNVBAMUBnZwbl9jYTERMA8GA1UEKRMIY2hh\nbmdlbWUxHzAdBgkqhkiG9w0BCQEWEG1haWxAaG9zdC5kb21haW6CCQD+KN5J51p5\nDzATBgNVHSUEDDAKBggrBgEFBQcDAjALBgNVHQ8EBAMCB4AwDQYJKoZIhvcNAQEL\nBQADggIBABDCJqQx5/uzD7Kyeb0gyK6+tTMIzxjdeOp4jz/lpVzpcCxBQSdli1PT\nOnY4aULUaCU12bvZBHZ2YwqqaI5qPocTH4zXw1KvaWBOmY/SxJ9NpJSY2hWm0cSM\nJ3rQmySe0SPg2UqknXhjjV/6/xVG08IZ9B0F6roZaPBGg3xHpMQSTdiPdtyCd7QS\nwdeF+f8/xA1SyKZvTF9AQYUCHm5Sagxc98WZOLScJGgmvIOLDpCERcdC6EUeDZHS\njqVC+eEHCv9NDqTI/JpePhKk3dKcrXydwVkq92qa4QnQctvFO7DVW2+zXPOJMCuq\nbXb/cPIc4ZerBfl7mjMCw7iL2UcgkuKrS8ZbP/4iAGOt8XZ8PhIM9xE7897A7N9x\nD7WugJElrq/y8L3H3TrUbzsEMOfwBFhc3Whn+CKWhI08WIWakL7vwrmRI5yKW0Hl\nM/mPpGU1SJATHgUxSG6cPJ2QPqGXaM75OgjKvQj9rUmHkTA6QwwMCzqRfeedFpoD\neOUi9jaWKkVF+tdK6Mmky0k6glCMNnazeP3FpPGVxBV/IyMobCJkB35qOamo6j54\ncwdN+v5fpWH6SGqqjSsmJClv8tOZLzQ1Iqm/dM3g5/4ejex36fjHR1vZRvuScCNI\nF1bqLtmoCRiDNua4JC/kavDrofTzPPE739Kci1T9CZzpK1W7XqpI\n-----END CERTIFICATE-----\n</cert><key>\n-----BEGIN PRIVATE KEY-----\nMIIJQQIBADANBgkqhkiG9w0BAQEFAASCCSswggknAgEAAoICAQCiQgC8f6yPFcGh\nH3ESAxoWDg4Hm0+1yuaYNxNN2vxH+cmLOMYbUZwJ5eCisCN18hJlzvbfisBWJmae\n1shvk6Jmm3KtjYHHkdQZNo0eP0/oHVQFgL4noaO/sof4FDej8bL0KwkqPL6q1nwo\nm08TIkVI3MLnNVGdZiGFc2hLwi2Um4LG8B5C7Hjqxp9epQFswcF4MlhefLMLqOCB\nEtb0aunYbI/JTwS1JbPmAyG51nnns5KMUpALTpD6lAiCzIuE1J9YJ+SGSJFdybUc\nXjoK1eZzuqkh1tOCFaDHJjPZw6gQvAjUPonHag9woTWejUHy1PPEaiadqjD42qH7\nzU8dCz/vRuH0ug/fTU5Zh92WdXJOviCGit4/RXr8aQ+/1pOvLxXUlq8VNvCkNmvi\nyi9jn8eOT0tOPOQH8eYEHdpcifoL5a+YjdQHc7ebG9kTGNYsghrFF1/DffHaUTdS\n2GssqC+RqdKUZ7TDuLC4hVFboRI1Mip9coEp3BgHQgQW3AH2U4VPR3TDS5Pi5Hcy\np4VlePsyLw2Ldm/nCHoRCaLEchpxnlzFcT4Huq+n0RODz14FTloBbEZWOBzBd0Ia\nAbGFfvx4FsCe1ETVHHYy6/M8F6Zphndb56OOWMmLehwcWuyzh6cCtDZnQ51TdFtb\neOusu+qojTL5B+BGiV1POi4dS1HCJwIDAQABAoICABl9Es6Jo9rKSSN9Y+63bAag\n6JVLUYc2O2kX5cFqMA1CcOWc4onyFPf9E3+a+ccSYs95ZpCRJEukNqSnCs90OqOx\nsZ8Pxp5KCy52wk5JFc1ZphRDOBvTqXx4mCFhU6g+VKVEiWkIJ8+AZ/qdAxv3Wzjp\n7PgTCSIXpBZpna2g8DYTA8UqfSZ4LTp8PxbIBuRFv5WZGwakwh+HxNSh2ACHNvrX\nevLdpdiq9oqgXVDrHzVFoTTH13bfPakPThL1/Mi9+dYIVj698Y/xGrE9IBMJrOzr\nGpyFOa6KpToDh0ujD6ipUR2+QTiBMbG4sUqZ2A1EZJKrNiu4S38cISwEAXSHiuBU\nkZCJUtSZuhHBLT1T09kxy8Hzci33g3s2XiXXSEggwwIcMmjoatmU8pXVWmC2cb1M\nANw+uhm3FprHELYLhDerCV0/s45lx0/GRYZhUeTMDYPPREOPLCEzz3vCer4vosZS\nK+pvTertiu0PbOQOZFvuQvVZBZ/cySsHBMm3L3cQ7BKpEJhF96WJmG8DDMrIKvh1\nzilJzPPva+/mrmdQ4nJKbgBKnUobApfJbBWz3C3CkhF9HARjJfNPya8ek2yO9atb\nzo2bDADCppG92tdGDGAco8YnG0jn962I3NuMSCKT+KrM+Iqf92PviRq0zThrxhpn\nTV7ivvSmERryBNvK2tYBAoIBAQDOdPpPh5Qf4+BGRn0xWQZ3hvZzXE1wUgp3NooH\nKOANu8SdtromdyTYIav/XllBelCaoizPBL58degxDevqNK2E3g34VUw3TOnMtZvl\nSgXjSyOlLGotLmUeCICF3p9+OmMI648XdpK6poQ2PpVYJ8rFTsNFEDFX7C/7mbXV\nPn9vl6X76FlY2VSAwnlmDdU/RD70a1ZNbLUd32LSRCChAnrY4uXBa2d8U3V89glG\nwF4A2uRNE2weXe7TCsPTpwt8Dp2xgYqXiy/VThayGL2beqWHfx/jLlgtLXEAaMWo\nfaiAGdwEuVWbXZRAwd0CB/H8ebDg630mNcawXBOtOtwyi38BAoIBAQDJMcsfefKW\n25qe8GGs6AvVlURrDjsYyRd/LixzIoMczECU0e85EAn6mJ+Uug/xYB8AhjZArmnU\nhOz14zcAvloLjPo7jtemZ57LQ60j+Wk9Jx08ljKDUyB040m7ZfeO14R+YcVzce7C\n9fkRevpSwKHP7dCbhpUjycW29zRK1+X75WqBAUcYpuyNe3dMQ5Jjy3ljmRqtqz+7\nnB1g9rLBHELwvIXUPNZlLyTGpzX0ERFwXRHz0blbtSnHrQHG1Ok0Yf8PyFs9p6wG\nfujES5u7ESEx7ICtNytlm9FBUY25FLtOF2OqwWMbZ7Wt92I37fgLMj/5eGQ7Cjmy\n6mFLdPZa+mknAoIBAA8thmFmZDtb81b3Q6jnFJSg9WlRtde2EFLnTYptNNuNnEzD\n7Dd7tte00gI6G3G23kof9g9aF+7qdCF3FornSIJmGLzS+IFwRBfqmgVnRbuKAJra\nAwxDRufIVDqDPVJ4VGOJfcGJ1Auoxjt+qlgKxNtwiOaA5D/Ee1qR2E5PA+teSLOW\nR0tC3vWAVpBsH+tAxygM5BFZFo+VppwyqftsRT/Anodzr+3x7Mc9Bz2OUtrZPMN1\n1BL/cNlPB0p+E1gRcwJjtZ6ieufBj+WT8AyIHbcyX1PCSnU3zADtsupKIqMYQ5aN\nUX/Uh1ujZO4LS3z2LUy7wz2V4n+ApWms1BdbLgECggEABYwg7KJBJRWzArTgDJNt\nWBtAgq8mw/0vb6tHQHlwIggjs7bCINGnZMh2hfRHYkFjOXF553inpFtx6Sm1p4iY\nFP9zGtdKbOUohLQ9/uLumugML1J43BQbrf1iWA9srvyUQ6PQfOlkSu3bSzcX1dZH\n3+LPwKoKTK1QjUXtpC6lwbdGo330huJ7XT9NP8YRMD05AJ0FFkrFfBfG25iRvy9X\nTSn1iq+OvcV5/xw3KZ6a231FdHKQ6M1q9H15shDGyVH2ZWoB0gZggOFY66imB5dm\nUekSdzQxNyD/uQxVmwfOTk3oypmAcQ3//Wb3x1EBaNWe2/MM2G/kvWEnA5ya+lEz\nOwKCAQAaFvyiIZsy2tUcBvv3rF3X2ngW7aXFZpvL0m1xoRmkF4pa+TDTauMhcxWD\n3XDe3H2bCfybzlmp5Xe6ksGXkYLhlFMVQzajp9w0sjzMe80ZUJoALobwQkOjJhrc\nFFrUCLbhW+Je3paLZSyHe/cub0LqJwbkPgFy2e/zykI1O8QyrpK5OMeR8mkdJRAi\nrRf7ILp+9sej5+dLNKedQvnNSnqGh8Nr9UZd8GKKUZlGJFvkDcMaxz7pgHCCVp0I\nfci0SdyMQz6CuQ+6Ma4S1zuvqueOo9smLRn9jlKywmbgY7Wiz/tgzaas5zUfhO/I\nit0lyuo3tFuti3FylJn9ZEJLZ3UE\n-----END PRIVATE KEY-----\n</key>', '1', '1540886880', '1540886880', null, null);
INSERT INTO `ta_key` VALUES ('150', '2', null, 'client\r\ndev tun\r\nproto udp\r\nremote 47.93.203.156 1194\r\nresolv-retry infinite\r\nnobind\r\npersist-key\r\npersist-tun\r\nremote-cert-tls server\r\ncipher AES-256-CBC\r\nverb 3\n<ca>\n-----BEGIN CERTIFICATE-----\nMIIGwTCCBKmgAwIBAgIJAP4o3knnWnkPMA0GCSqGSIb3DQEBCwUAMIGbMQswCQYD\nVQQGEwJVUzELMAkGA1UECBMCQ0ExFTATBgNVBAcTDFNhbkZyYW5jaXNjbzEQMA4G\nA1UEChMHT3BlblZQTjERMA8GA1UECxMIY2hhbmdlbWUxDzANBgNVBAMUBnZwbl9j\nYTERMA8GA1UEKRMIY2hhbmdlbWUxHzAdBgkqhkiG9w0BCQEWEG1haWxAaG9zdC5k\nb21haW4wHhcNMTgxMDI1MDgwNTI3WhcNMjgxMDIyMDgwNTI3WjCBmzELMAkGA1UE\nBhMCVVMxCzAJBgNVBAgTAkNBMRUwEwYDVQQHEwxTYW5GcmFuY2lzY28xEDAOBgNV\nBAoTB09wZW5WUE4xETAPBgNVBAsTCGNoYW5nZW1lMQ8wDQYDVQQDFAZ2cG5fY2Ex\nETAPBgNVBCkTCGNoYW5nZW1lMR8wHQYJKoZIhvcNAQkBFhBtYWlsQGhvc3QuZG9t\nYWluMIICIjANBgkqhkiG9w0BAQEFAAOCAg8AMIICCgKCAgEAwd/l16aiIFVauzva\nuAo/rc44kH1b1TlPmgt6DOfnSaKyMIa8hqegjk2ignpgfTpNOzFFZrnfKDo5bThH\n1c96nwlGCfwO9OeIJr8Y0nxzOL1AiyLoXo+Tocg2Ab6TbyaGw+/aq95S3Iv+kfrw\nxWiwor7m3Jw7//WaPu3xAvXSwPURZE+I+K/jCl3Pg9sEYIPc+hv2XN7UehXtjk6o\nLHtiEzYittHGnxTdaohJ7E1bQ2DoMDJeqzyHvTtBpxFKcSWqt9WGIadaio9r3WXl\nPoBhwUplvJ65ssCeEjzZl2Thm5w5uZKZWko+xpaxcPvXrnulCi0jxzH2gaUGLO8u\nQBeuZrDzo4/IvrmUV7EJBK2vBzMfMBt0qpkwQYx/py6wmlXTk4zMZwUzEyJLVJI1\nzk/Qj6yqhSGzKZYiL/Z1WcIx4SCjTgiH2RaJogvOYys3Hu9t5vADpm64r1PLgimX\nbx+DdNnlrqwnxNcp8lJDDg9eBLJcE8Chvca/X70+yMY6AxyeFuosRy8xOfPQUsSC\nFLGpZzZXXKy4kYSTPeCYmaYcXfX9a1MvshaVfvZJcY6ooXMTw9arHabm6r0hmlfE\noEBlGgtZRqV8JtDLz9M5Wk2jK14QFcvkYUpKKeqXuHJYQQozLRD+lo6pUXxWvmz3\nIQRwOiFHXOLxwZ6ExA0Jns9eVo8CAwEAAaOCAQQwggEAMB0GA1UdDgQWBBT5ssJZ\nQVXieww9bbB3NxpfCpWHzDCB0AYDVR0jBIHIMIHFgBT5ssJZQVXieww9bbB3Nxpf\nCpWHzKGBoaSBnjCBmzELMAkGA1UEBhMCVVMxCzAJBgNVBAgTAkNBMRUwEwYDVQQH\nEwxTYW5GcmFuY2lzY28xEDAOBgNVBAoTB09wZW5WUE4xETAPBgNVBAsTCGNoYW5n\nZW1lMQ8wDQYDVQQDFAZ2cG5fY2ExETAPBgNVBCkTCGNoYW5nZW1lMR8wHQYJKoZI\nhvcNAQkBFhBtYWlsQGhvc3QuZG9tYWluggkA/ijeSedaeQ8wDAYDVR0TBAUwAwEB\n/zANBgkqhkiG9w0BAQsFAAOCAgEAONm3v6JbwQ7rSnwcV3QhuWcKmiJN5/L3oYRU\nMuuHN03NoC9eF9hNy19ejo2Pf8OVQAY+nEvqvflA8DjeNTIv3nqbN3DIs4/AwDts\naKXNQcsbmlCohUQQeL45cntYg/ERvzkeJaFgLMJHrEYoNN4+42fULXlN9qLPGLWN\nQRB3XKSipepuu2GLWO0NxsWz1j/mGeDT9/Jk06ZoaRKmq7Denen/HscRcsbZCrkr\np0EPvmYgnAoEKDWEuT3nnwk0ozr/ulsXM/oZnrUH+xc7DtZekWurxHM3zqkmN/e9\nkhO1On2gR3W3/uwTSyRf85Mmk3rylaWw2BkVFEJEhIXtNZrYZuxAfBwPIsyF4Aku\nS9/jfRTURuUfQMNLow3xfKpAP3U0JMelx/RBzc0CYM/5hXkUmW7bfiP0rXQMzq3p\nlz2jQ10oLGOYsOOxDLfOGA5CVJu4UNWm4bP1ogm9pWQViLFYSKe9KFRIJDbHtfku\n9e1BXKTyNsxHXcBQ2vlWnb+UGz8diZeQgHoyX2KzUlaNAqSjrqSdTrm4Tesu3bLC\ncyflL+39ukRkWW4gT5Bw/4P3uAmSzfRfo6BdSl9YRtbLtrQVrgrrPNARwepMoijS\nI54rvrxPZQG95XM6yNktkulJ2P08yTQLpwbQbaIp7YNTn5GOWUGkf2phNcte8a/7\n8NYO3M8=\n-----END CERTIFICATE-----\n</ca>\n<cert>\nCertificate:\n    Data:\n        Version: 3 (0x2)\n        Serial Number: 18 (0x12)\n    Signature Algorithm: sha256WithRSAEncryption\n        Issuer: C=US, ST=CA, L=SanFrancisco, O=OpenVPN, OU=changeme, CN=vpn_ca/name=changeme/emailAddress=mail@host.domain\n        Validity\n            Not Before: Oct 29 08:51:52 2018 GMT\n            Not After : Oct 26 08:51:52 2028 GMT\n        Subject: C=CN, ST=BJ, L=CY, O=AVIC, OU=dev, CN=2/emailAddress=songzc@avic-digital.com\n        Subject Public Key Info:\n            Public Key Algorithm: rsaEncryption\n                Public-Key: (4096 bit)\n                Modulus:\n                    00:a2:42:00:bc:7f:ac:8f:15:c1:a1:1f:71:12:03:\n                    1a:16:0e:0e:07:9b:4f:b5:ca:e6:98:37:13:4d:da:\n                    fc:47:f9:c9:8b:38:c6:1b:51:9c:09:e5:e0:a2:b0:\n                    23:75:f2:12:65:ce:f6:df:8a:c0:56:26:66:9e:d6:\n                    c8:6f:93:a2:66:9b:72:ad:8d:81:c7:91:d4:19:36:\n                    8d:1e:3f:4f:e8:1d:54:05:80:be:27:a1:a3:bf:b2:\n                    87:f8:14:37:a3:f1:b2:f4:2b:09:2a:3c:be:aa:d6:\n                    7c:28:9b:4f:13:22:45:48:dc:c2:e7:35:51:9d:66:\n                    21:85:73:68:4b:c2:2d:94:9b:82:c6:f0:1e:42:ec:\n                    78:ea:c6:9f:5e:a5:01:6c:c1:c1:78:32:58:5e:7c:\n                    b3:0b:a8:e0:81:12:d6:f4:6a:e9:d8:6c:8f:c9:4f:\n                    04:b5:25:b3:e6:03:21:b9:d6:79:e7:b3:92:8c:52:\n                    90:0b:4e:90:fa:94:08:82:cc:8b:84:d4:9f:58:27:\n                    e4:86:48:91:5d:c9:b5:1c:5e:3a:0a:d5:e6:73:ba:\n                    a9:21:d6:d3:82:15:a0:c7:26:33:d9:c3:a8:10:bc:\n                    08:d4:3e:89:c7:6a:0f:70:a1:35:9e:8d:41:f2:d4:\n                    f3:c4:6a:26:9d:aa:30:f8:da:a1:fb:cd:4f:1d:0b:\n                    3f:ef:46:e1:f4:ba:0f:df:4d:4e:59:87:dd:96:75:\n                    72:4e:be:20:86:8a:de:3f:45:7a:fc:69:0f:bf:d6:\n                    93:af:2f:15:d4:96:af:15:36:f0:a4:36:6b:e2:ca:\n                    2f:63:9f:c7:8e:4f:4b:4e:3c:e4:07:f1:e6:04:1d:\n                    da:5c:89:fa:0b:e5:af:98:8d:d4:07:73:b7:9b:1b:\n                    d9:13:18:d6:2c:82:1a:c5:17:5f:c3:7d:f1:da:51:\n                    37:52:d8:6b:2c:a8:2f:91:a9:d2:94:67:b4:c3:b8:\n                    b0:b8:85:51:5b:a1:12:35:32:2a:7d:72:81:29:dc:\n                    18:07:42:04:16:dc:01:f6:53:85:4f:47:74:c3:4b:\n                    93:e2:e4:77:32:a7:85:65:78:fb:32:2f:0d:8b:76:\n                    6f:e7:08:7a:11:09:a2:c4:72:1a:71:9e:5c:c5:71:\n                    3e:07:ba:af:a7:d1:13:83:cf:5e:05:4e:5a:01:6c:\n                    46:56:38:1c:c1:77:42:1a:01:b1:85:7e:fc:78:16:\n                    c0:9e:d4:44:d5:1c:76:32:eb:f3:3c:17:a6:69:86:\n                    77:5b:e7:a3:8e:58:c9:8b:7a:1c:1c:5a:ec:b3:87:\n                    a7:02:b4:36:67:43:9d:53:74:5b:5b:78:eb:ac:bb:\n                    ea:a8:8d:32:f9:07:e0:46:89:5d:4f:3a:2e:1d:4b:\n                    51:c2:27\n                Exponent: 65537 (0x10001)\n        X509v3 extensions:\n            X509v3 Basic Constraints: \n                CA:FALSE\n            Netscape Comment: \n                Easy-RSA Generated Certificate\n            X509v3 Subject Key Identifier: \n                33:01:30:04:B3:45:60:F8:A8:57:6E:3E:29:8E:ED:38:12:64:67:A6\n            X509v3 Authority Key Identifier: \n                keyid:F9:B2:C2:59:41:55:E2:7B:0C:3D:6D:B0:77:37:1A:5F:0A:95:87:CC\n                DirName:/C=US/ST=CA/L=SanFrancisco/O=OpenVPN/OU=changeme/CN=vpn_ca/name=changeme/emailAddress=mail@host.domain\n                serial:FE:28:DE:49:E7:5A:79:0F\n\n            X509v3 Extended Key Usage: \n                TLS Web Client Authentication\n            X509v3 Key Usage: \n                Digital Signature\n    Signature Algorithm: sha256WithRSAEncryption\n         10:c2:26:a4:31:e7:fb:b3:0f:b2:b2:79:bd:20:c8:ae:be:b5:\n         33:08:cf:18:dd:78:ea:78:8f:3f:e5:a5:5c:e9:70:2c:41:41:\n         27:65:8b:53:d3:3a:76:38:69:42:d4:68:25:35:d9:bb:d9:04:\n         76:76:63:0a:aa:68:8e:6a:3e:87:13:1f:8c:d7:c3:52:af:69:\n         60:4e:99:8f:d2:c4:9f:4d:a4:94:98:da:15:a6:d1:c4:8c:27:\n         7a:d0:9b:24:9e:d1:23:e0:d9:4a:a4:9d:78:63:8d:5f:fa:ff:\n         15:46:d3:c2:19:f4:1d:05:ea:ba:19:68:f0:46:83:7c:47:a4:\n         c4:12:4d:d8:8f:76:dc:82:77:b4:12:c1:d7:85:f9:ff:3f:c4:\n         0d:52:c8:a6:6f:4c:5f:40:41:85:02:1e:6e:52:6a:0c:5c:f7:\n         c5:99:38:b4:9c:24:68:26:bc:83:8b:0e:90:84:45:c7:42:e8:\n         45:1e:0d:91:d2:8e:a5:42:f9:e1:07:0a:ff:4d:0e:a4:c8:fc:\n         9a:5e:3e:12:a4:dd:d2:9c:ad:7c:9d:c1:59:2a:f7:6a:9a:e1:\n         09:d0:72:db:c5:3b:b0:d5:5b:6f:b3:5c:f3:89:30:2b:aa:6d:\n         76:ff:70:f2:1c:e1:97:ab:05:f9:7b:9a:33:02:c3:b8:8b:d9:\n         47:20:92:e2:ab:4b:c6:5b:3f:fe:22:00:63:ad:f1:76:7c:3e:\n         12:0c:f7:11:3b:f3:de:c0:ec:df:71:0f:b5:ae:80:91:25:ae:\n         af:f2:f0:bd:c7:dd:3a:d4:6f:3b:04:30:e7:f0:04:58:5c:dd:\n         68:67:f8:22:96:84:8d:3c:58:85:9a:90:be:ef:c2:b9:91:23:\n         9c:8a:5b:41:e5:33:f9:8f:a4:65:35:48:90:13:1e:05:31:48:\n         6e:9c:3c:9d:90:3e:a1:97:68:ce:f9:3a:08:ca:bd:08:fd:ad:\n         49:87:91:30:3a:43:0c:0c:0b:3a:91:7d:e7:9d:16:9a:03:78:\n         e5:22:f6:36:96:2a:45:45:fa:d7:4a:e8:c9:a4:cb:49:3a:82:\n         50:8c:36:76:b3:78:fd:c5:a4:f1:95:c4:15:7f:23:23:28:6c:\n         22:64:07:7e:6a:39:a9:a8:ea:3e:78:73:07:4d:fa:fe:5f:a5:\n         61:fa:48:6a:aa:8d:2b:26:24:29:6f:f2:d3:99:2f:34:35:22:\n         a9:bf:74:cd:e0:e7:fe:1e:8d:ec:77:e9:f8:c7:47:5b:d9:46:\n         fb:92:70:23:48:17:56:ea:2e:d9:a8:09:18:83:36:e6:b8:24:\n         2f:e4:6a:f0:eb:a1:f4:f3:3c:f1:3b:df:d2:9c:8b:54:fd:09:\n         9c:e9:2b:55:bb:5e:aa:48\n-----BEGIN CERTIFICATE-----\nMIIG4zCCBMugAwIBAgIBEjANBgkqhkiG9w0BAQsFADCBmzELMAkGA1UEBhMCVVMx\nCzAJBgNVBAgTAkNBMRUwEwYDVQQHEwxTYW5GcmFuY2lzY28xEDAOBgNVBAoTB09w\nZW5WUE4xETAPBgNVBAsTCGNoYW5nZW1lMQ8wDQYDVQQDFAZ2cG5fY2ExETAPBgNV\nBCkTCGNoYW5nZW1lMR8wHQYJKoZIhvcNAQkBFhBtYWlsQGhvc3QuZG9tYWluMB4X\nDTE4MTAyOTA4NTE1MloXDTI4MTAyNjA4NTE1MloweDELMAkGA1UEBhMCQ04xCzAJ\nBgNVBAgTAkJKMQswCQYDVQQHEwJDWTENMAsGA1UEChMEQVZJQzEMMAoGA1UECxMD\nZGV2MQowCAYDVQQDEwEyMSYwJAYJKoZIhvcNAQkBFhdzb25nemNAYXZpYy1kaWdp\ndGFsLmNvbTCCAiIwDQYJKoZIhvcNAQEBBQADggIPADCCAgoCggIBAKJCALx/rI8V\nwaEfcRIDGhYODgebT7XK5pg3E03a/Ef5yYs4xhtRnAnl4KKwI3XyEmXO9t+KwFYm\nZp7WyG+Tomabcq2NgceR1Bk2jR4/T+gdVAWAvieho7+yh/gUN6PxsvQrCSo8vqrW\nfCibTxMiRUjcwuc1UZ1mIYVzaEvCLZSbgsbwHkLseOrGn16lAWzBwXgyWF58swuo\n4IES1vRq6dhsj8lPBLUls+YDIbnWeeezkoxSkAtOkPqUCILMi4TUn1gn5IZIkV3J\ntRxeOgrV5nO6qSHW04IVoMcmM9nDqBC8CNQ+icdqD3ChNZ6NQfLU88RqJp2qMPja\nofvNTx0LP+9G4fS6D99NTlmH3ZZ1ck6+IIaK3j9FevxpD7/Wk68vFdSWrxU28KQ2\na+LKL2Ofx45PS0485Afx5gQd2lyJ+gvlr5iN1Adzt5sb2RMY1iyCGsUXX8N98dpR\nN1LYayyoL5Gp0pRntMO4sLiFUVuhEjUyKn1ygSncGAdCBBbcAfZThU9HdMNLk+Lk\ndzKnhWV4+zIvDYt2b+cIehEJosRyGnGeXMVxPge6r6fRE4PPXgVOWgFsRlY4HMF3\nQhoBsYV+/HgWwJ7URNUcdjLr8zwXpmmGd1vno45YyYt6HBxa7LOHpwK0NmdDnVN0\nW1t466y76qiNMvkH4EaJXU86Lh1LUcInAgMBAAGjggFSMIIBTjAJBgNVHRMEAjAA\nMC0GCWCGSAGG+EIBDQQgFh5FYXN5LVJTQSBHZW5lcmF0ZWQgQ2VydGlmaWNhdGUw\nHQYDVR0OBBYEFDMBMASzRWD4qFduPimO7TgSZGemMIHQBgNVHSMEgcgwgcWAFPmy\nwllBVeJ7DD1tsHc3Gl8KlYfMoYGhpIGeMIGbMQswCQYDVQQGEwJVUzELMAkGA1UE\nCBMCQ0ExFTATBgNVBAcTDFNhbkZyYW5jaXNjbzEQMA4GA1UEChMHT3BlblZQTjER\nMA8GA1UECxMIY2hhbmdlbWUxDzANBgNVBAMUBnZwbl9jYTERMA8GA1UEKRMIY2hh\nbmdlbWUxHzAdBgkqhkiG9w0BCQEWEG1haWxAaG9zdC5kb21haW6CCQD+KN5J51p5\nDzATBgNVHSUEDDAKBggrBgEFBQcDAjALBgNVHQ8EBAMCB4AwDQYJKoZIhvcNAQEL\nBQADggIBABDCJqQx5/uzD7Kyeb0gyK6+tTMIzxjdeOp4jz/lpVzpcCxBQSdli1PT\nOnY4aULUaCU12bvZBHZ2YwqqaI5qPocTH4zXw1KvaWBOmY/SxJ9NpJSY2hWm0cSM\nJ3rQmySe0SPg2UqknXhjjV/6/xVG08IZ9B0F6roZaPBGg3xHpMQSTdiPdtyCd7QS\nwdeF+f8/xA1SyKZvTF9AQYUCHm5Sagxc98WZOLScJGgmvIOLDpCERcdC6EUeDZHS\njqVC+eEHCv9NDqTI/JpePhKk3dKcrXydwVkq92qa4QnQctvFO7DVW2+zXPOJMCuq\nbXb/cPIc4ZerBfl7mjMCw7iL2UcgkuKrS8ZbP/4iAGOt8XZ8PhIM9xE7897A7N9x\nD7WugJElrq/y8L3H3TrUbzsEMOfwBFhc3Whn+CKWhI08WIWakL7vwrmRI5yKW0Hl\nM/mPpGU1SJATHgUxSG6cPJ2QPqGXaM75OgjKvQj9rUmHkTA6QwwMCzqRfeedFpoD\neOUi9jaWKkVF+tdK6Mmky0k6glCMNnazeP3FpPGVxBV/IyMobCJkB35qOamo6j54\ncwdN+v5fpWH6SGqqjSsmJClv8tOZLzQ1Iqm/dM3g5/4ejex36fjHR1vZRvuScCNI\nF1bqLtmoCRiDNua4JC/kavDrofTzPPE739Kci1T9CZzpK1W7XqpI\n-----END CERTIFICATE-----\n</cert>\n<key>\n-----BEGIN PRIVATE KEY-----\nMIIJQQIBADANBgkqhkiG9w0BAQEFAASCCSswggknAgEAAoICAQCiQgC8f6yPFcGh\nH3ESAxoWDg4Hm0+1yuaYNxNN2vxH+cmLOMYbUZwJ5eCisCN18hJlzvbfisBWJmae\n1shvk6Jmm3KtjYHHkdQZNo0eP0/oHVQFgL4noaO/sof4FDej8bL0KwkqPL6q1nwo\nm08TIkVI3MLnNVGdZiGFc2hLwi2Um4LG8B5C7Hjqxp9epQFswcF4MlhefLMLqOCB\nEtb0aunYbI/JTwS1JbPmAyG51nnns5KMUpALTpD6lAiCzIuE1J9YJ+SGSJFdybUc\nXjoK1eZzuqkh1tOCFaDHJjPZw6gQvAjUPonHag9woTWejUHy1PPEaiadqjD42qH7\nzU8dCz/vRuH0ug/fTU5Zh92WdXJOviCGit4/RXr8aQ+/1pOvLxXUlq8VNvCkNmvi\nyi9jn8eOT0tOPOQH8eYEHdpcifoL5a+YjdQHc7ebG9kTGNYsghrFF1/DffHaUTdS\n2GssqC+RqdKUZ7TDuLC4hVFboRI1Mip9coEp3BgHQgQW3AH2U4VPR3TDS5Pi5Hcy\np4VlePsyLw2Ldm/nCHoRCaLEchpxnlzFcT4Huq+n0RODz14FTloBbEZWOBzBd0Ia\nAbGFfvx4FsCe1ETVHHYy6/M8F6Zphndb56OOWMmLehwcWuyzh6cCtDZnQ51TdFtb\neOusu+qojTL5B+BGiV1POi4dS1HCJwIDAQABAoICABl9Es6Jo9rKSSN9Y+63bAag\n6JVLUYc2O2kX5cFqMA1CcOWc4onyFPf9E3+a+ccSYs95ZpCRJEukNqSnCs90OqOx\nsZ8Pxp5KCy52wk5JFc1ZphRDOBvTqXx4mCFhU6g+VKVEiWkIJ8+AZ/qdAxv3Wzjp\n7PgTCSIXpBZpna2g8DYTA8UqfSZ4LTp8PxbIBuRFv5WZGwakwh+HxNSh2ACHNvrX\nevLdpdiq9oqgXVDrHzVFoTTH13bfPakPThL1/Mi9+dYIVj698Y/xGrE9IBMJrOzr\nGpyFOa6KpToDh0ujD6ipUR2+QTiBMbG4sUqZ2A1EZJKrNiu4S38cISwEAXSHiuBU\nkZCJUtSZuhHBLT1T09kxy8Hzci33g3s2XiXXSEggwwIcMmjoatmU8pXVWmC2cb1M\nANw+uhm3FprHELYLhDerCV0/s45lx0/GRYZhUeTMDYPPREOPLCEzz3vCer4vosZS\nK+pvTertiu0PbOQOZFvuQvVZBZ/cySsHBMm3L3cQ7BKpEJhF96WJmG8DDMrIKvh1\nzilJzPPva+/mrmdQ4nJKbgBKnUobApfJbBWz3C3CkhF9HARjJfNPya8ek2yO9atb\nzo2bDADCppG92tdGDGAco8YnG0jn962I3NuMSCKT+KrM+Iqf92PviRq0zThrxhpn\nTV7ivvSmERryBNvK2tYBAoIBAQDOdPpPh5Qf4+BGRn0xWQZ3hvZzXE1wUgp3NooH\nKOANu8SdtromdyTYIav/XllBelCaoizPBL58degxDevqNK2E3g34VUw3TOnMtZvl\nSgXjSyOlLGotLmUeCICF3p9+OmMI648XdpK6poQ2PpVYJ8rFTsNFEDFX7C/7mbXV\nPn9vl6X76FlY2VSAwnlmDdU/RD70a1ZNbLUd32LSRCChAnrY4uXBa2d8U3V89glG\nwF4A2uRNE2weXe7TCsPTpwt8Dp2xgYqXiy/VThayGL2beqWHfx/jLlgtLXEAaMWo\nfaiAGdwEuVWbXZRAwd0CB/H8ebDg630mNcawXBOtOtwyi38BAoIBAQDJMcsfefKW\n25qe8GGs6AvVlURrDjsYyRd/LixzIoMczECU0e85EAn6mJ+Uug/xYB8AhjZArmnU\nhOz14zcAvloLjPo7jtemZ57LQ60j+Wk9Jx08ljKDUyB040m7ZfeO14R+YcVzce7C\n9fkRevpSwKHP7dCbhpUjycW29zRK1+X75WqBAUcYpuyNe3dMQ5Jjy3ljmRqtqz+7\nnB1g9rLBHELwvIXUPNZlLyTGpzX0ERFwXRHz0blbtSnHrQHG1Ok0Yf8PyFs9p6wG\nfujES5u7ESEx7ICtNytlm9FBUY25FLtOF2OqwWMbZ7Wt92I37fgLMj/5eGQ7Cjmy\n6mFLdPZa+mknAoIBAA8thmFmZDtb81b3Q6jnFJSg9WlRtde2EFLnTYptNNuNnEzD\n7Dd7tte00gI6G3G23kof9g9aF+7qdCF3FornSIJmGLzS+IFwRBfqmgVnRbuKAJra\nAwxDRufIVDqDPVJ4VGOJfcGJ1Auoxjt+qlgKxNtwiOaA5D/Ee1qR2E5PA+teSLOW\nR0tC3vWAVpBsH+tAxygM5BFZFo+VppwyqftsRT/Anodzr+3x7Mc9Bz2OUtrZPMN1\n1BL/cNlPB0p+E1gRcwJjtZ6ieufBj+WT8AyIHbcyX1PCSnU3zADtsupKIqMYQ5aN\nUX/Uh1ujZO4LS3z2LUy7wz2V4n+ApWms1BdbLgECggEABYwg7KJBJRWzArTgDJNt\nWBtAgq8mw/0vb6tHQHlwIggjs7bCINGnZMh2hfRHYkFjOXF553inpFtx6Sm1p4iY\nFP9zGtdKbOUohLQ9/uLumugML1J43BQbrf1iWA9srvyUQ6PQfOlkSu3bSzcX1dZH\n3+LPwKoKTK1QjUXtpC6lwbdGo330huJ7XT9NP8YRMD05AJ0FFkrFfBfG25iRvy9X\nTSn1iq+OvcV5/xw3KZ6a231FdHKQ6M1q9H15shDGyVH2ZWoB0gZggOFY66imB5dm\nUekSdzQxNyD/uQxVmwfOTk3oypmAcQ3//Wb3x1EBaNWe2/MM2G/kvWEnA5ya+lEz\nOwKCAQAaFvyiIZsy2tUcBvv3rF3X2ngW7aXFZpvL0m1xoRmkF4pa+TDTauMhcxWD\n3XDe3H2bCfybzlmp5Xe6ksGXkYLhlFMVQzajp9w0sjzMe80ZUJoALobwQkOjJhrc\nFFrUCLbhW+Je3paLZSyHe/cub0LqJwbkPgFy2e/zykI1O8QyrpK5OMeR8mkdJRAi\nrRf7ILp+9sej5+dLNKedQvnNSnqGh8Nr9UZd8GKKUZlGJFvkDcMaxz7pgHCCVp0I\nfci0SdyMQz6CuQ+6Ma4S1zuvqueOo9smLRn9jlKywmbgY7Wiz/tgzaas5zUfhO/I\nit0lyuo3tFuti3FylJn9ZEJLZ3UE\n-----END PRIVATE KEY-----\n</key>', '1', '1540886953', '1540886953', null, null);
INSERT INTO `ta_key` VALUES ('151', '2', 'easy-rsa\\keys\\2.ovpn', 'client\r\ndev tun\r\nproto udp\r\nremote 47.93.203.156 1194\r\nresolv-retry infinite\r\nnobind\r\npersist-key\r\npersist-tun\r\nremote-cert-tls server\r\ncipher AES-256-CBC\r\nverb 3\n<ca>\n-----BEGIN CERTIFICATE-----\nMIIGwTCCBKmgAwIBAgIJAP4o3knnWnkPMA0GCSqGSIb3DQEBCwUAMIGbMQswCQYD\nVQQGEwJVUzELMAkGA1UECBMCQ0ExFTATBgNVBAcTDFNhbkZyYW5jaXNjbzEQMA4G\nA1UEChMHT3BlblZQTjERMA8GA1UECxMIY2hhbmdlbWUxDzANBgNVBAMUBnZwbl9j\nYTERMA8GA1UEKRMIY2hhbmdlbWUxHzAdBgkqhkiG9w0BCQEWEG1haWxAaG9zdC5k\nb21haW4wHhcNMTgxMDI1MDgwNTI3WhcNMjgxMDIyMDgwNTI3WjCBmzELMAkGA1UE\nBhMCVVMxCzAJBgNVBAgTAkNBMRUwEwYDVQQHEwxTYW5GcmFuY2lzY28xEDAOBgNV\nBAoTB09wZW5WUE4xETAPBgNVBAsTCGNoYW5nZW1lMQ8wDQYDVQQDFAZ2cG5fY2Ex\nETAPBgNVBCkTCGNoYW5nZW1lMR8wHQYJKoZIhvcNAQkBFhBtYWlsQGhvc3QuZG9t\nYWluMIICIjANBgkqhkiG9w0BAQEFAAOCAg8AMIICCgKCAgEAwd/l16aiIFVauzva\nuAo/rc44kH1b1TlPmgt6DOfnSaKyMIa8hqegjk2ignpgfTpNOzFFZrnfKDo5bThH\n1c96nwlGCfwO9OeIJr8Y0nxzOL1AiyLoXo+Tocg2Ab6TbyaGw+/aq95S3Iv+kfrw\nxWiwor7m3Jw7//WaPu3xAvXSwPURZE+I+K/jCl3Pg9sEYIPc+hv2XN7UehXtjk6o\nLHtiEzYittHGnxTdaohJ7E1bQ2DoMDJeqzyHvTtBpxFKcSWqt9WGIadaio9r3WXl\nPoBhwUplvJ65ssCeEjzZl2Thm5w5uZKZWko+xpaxcPvXrnulCi0jxzH2gaUGLO8u\nQBeuZrDzo4/IvrmUV7EJBK2vBzMfMBt0qpkwQYx/py6wmlXTk4zMZwUzEyJLVJI1\nzk/Qj6yqhSGzKZYiL/Z1WcIx4SCjTgiH2RaJogvOYys3Hu9t5vADpm64r1PLgimX\nbx+DdNnlrqwnxNcp8lJDDg9eBLJcE8Chvca/X70+yMY6AxyeFuosRy8xOfPQUsSC\nFLGpZzZXXKy4kYSTPeCYmaYcXfX9a1MvshaVfvZJcY6ooXMTw9arHabm6r0hmlfE\noEBlGgtZRqV8JtDLz9M5Wk2jK14QFcvkYUpKKeqXuHJYQQozLRD+lo6pUXxWvmz3\nIQRwOiFHXOLxwZ6ExA0Jns9eVo8CAwEAAaOCAQQwggEAMB0GA1UdDgQWBBT5ssJZ\nQVXieww9bbB3NxpfCpWHzDCB0AYDVR0jBIHIMIHFgBT5ssJZQVXieww9bbB3Nxpf\nCpWHzKGBoaSBnjCBmzELMAkGA1UEBhMCVVMxCzAJBgNVBAgTAkNBMRUwEwYDVQQH\nEwxTYW5GcmFuY2lzY28xEDAOBgNVBAoTB09wZW5WUE4xETAPBgNVBAsTCGNoYW5n\nZW1lMQ8wDQYDVQQDFAZ2cG5fY2ExETAPBgNVBCkTCGNoYW5nZW1lMR8wHQYJKoZI\nhvcNAQkBFhBtYWlsQGhvc3QuZG9tYWluggkA/ijeSedaeQ8wDAYDVR0TBAUwAwEB\n/zANBgkqhkiG9w0BAQsFAAOCAgEAONm3v6JbwQ7rSnwcV3QhuWcKmiJN5/L3oYRU\nMuuHN03NoC9eF9hNy19ejo2Pf8OVQAY+nEvqvflA8DjeNTIv3nqbN3DIs4/AwDts\naKXNQcsbmlCohUQQeL45cntYg/ERvzkeJaFgLMJHrEYoNN4+42fULXlN9qLPGLWN\nQRB3XKSipepuu2GLWO0NxsWz1j/mGeDT9/Jk06ZoaRKmq7Denen/HscRcsbZCrkr\np0EPvmYgnAoEKDWEuT3nnwk0ozr/ulsXM/oZnrUH+xc7DtZekWurxHM3zqkmN/e9\nkhO1On2gR3W3/uwTSyRf85Mmk3rylaWw2BkVFEJEhIXtNZrYZuxAfBwPIsyF4Aku\nS9/jfRTURuUfQMNLow3xfKpAP3U0JMelx/RBzc0CYM/5hXkUmW7bfiP0rXQMzq3p\nlz2jQ10oLGOYsOOxDLfOGA5CVJu4UNWm4bP1ogm9pWQViLFYSKe9KFRIJDbHtfku\n9e1BXKTyNsxHXcBQ2vlWnb+UGz8diZeQgHoyX2KzUlaNAqSjrqSdTrm4Tesu3bLC\ncyflL+39ukRkWW4gT5Bw/4P3uAmSzfRfo6BdSl9YRtbLtrQVrgrrPNARwepMoijS\nI54rvrxPZQG95XM6yNktkulJ2P08yTQLpwbQbaIp7YNTn5GOWUGkf2phNcte8a/7\n8NYO3M8=\n-----END CERTIFICATE-----\n</ca>\n<cert>\nCertificate:\n    Data:\n        Version: 3 (0x2)\n        Serial Number: 18 (0x12)\n    Signature Algorithm: sha256WithRSAEncryption\n        Issuer: C=US, ST=CA, L=SanFrancisco, O=OpenVPN, OU=changeme, CN=vpn_ca/name=changeme/emailAddress=mail@host.domain\n        Validity\n            Not Before: Oct 29 08:51:52 2018 GMT\n            Not After : Oct 26 08:51:52 2028 GMT\n        Subject: C=CN, ST=BJ, L=CY, O=AVIC, OU=dev, CN=2/emailAddress=songzc@avic-digital.com\n        Subject Public Key Info:\n            Public Key Algorithm: rsaEncryption\n                Public-Key: (4096 bit)\n                Modulus:\n                    00:a2:42:00:bc:7f:ac:8f:15:c1:a1:1f:71:12:03:\n                    1a:16:0e:0e:07:9b:4f:b5:ca:e6:98:37:13:4d:da:\n                    fc:47:f9:c9:8b:38:c6:1b:51:9c:09:e5:e0:a2:b0:\n                    23:75:f2:12:65:ce:f6:df:8a:c0:56:26:66:9e:d6:\n                    c8:6f:93:a2:66:9b:72:ad:8d:81:c7:91:d4:19:36:\n                    8d:1e:3f:4f:e8:1d:54:05:80:be:27:a1:a3:bf:b2:\n                    87:f8:14:37:a3:f1:b2:f4:2b:09:2a:3c:be:aa:d6:\n                    7c:28:9b:4f:13:22:45:48:dc:c2:e7:35:51:9d:66:\n                    21:85:73:68:4b:c2:2d:94:9b:82:c6:f0:1e:42:ec:\n                    78:ea:c6:9f:5e:a5:01:6c:c1:c1:78:32:58:5e:7c:\n                    b3:0b:a8:e0:81:12:d6:f4:6a:e9:d8:6c:8f:c9:4f:\n                    04:b5:25:b3:e6:03:21:b9:d6:79:e7:b3:92:8c:52:\n                    90:0b:4e:90:fa:94:08:82:cc:8b:84:d4:9f:58:27:\n                    e4:86:48:91:5d:c9:b5:1c:5e:3a:0a:d5:e6:73:ba:\n                    a9:21:d6:d3:82:15:a0:c7:26:33:d9:c3:a8:10:bc:\n                    08:d4:3e:89:c7:6a:0f:70:a1:35:9e:8d:41:f2:d4:\n                    f3:c4:6a:26:9d:aa:30:f8:da:a1:fb:cd:4f:1d:0b:\n                    3f:ef:46:e1:f4:ba:0f:df:4d:4e:59:87:dd:96:75:\n                    72:4e:be:20:86:8a:de:3f:45:7a:fc:69:0f:bf:d6:\n                    93:af:2f:15:d4:96:af:15:36:f0:a4:36:6b:e2:ca:\n                    2f:63:9f:c7:8e:4f:4b:4e:3c:e4:07:f1:e6:04:1d:\n                    da:5c:89:fa:0b:e5:af:98:8d:d4:07:73:b7:9b:1b:\n                    d9:13:18:d6:2c:82:1a:c5:17:5f:c3:7d:f1:da:51:\n                    37:52:d8:6b:2c:a8:2f:91:a9:d2:94:67:b4:c3:b8:\n                    b0:b8:85:51:5b:a1:12:35:32:2a:7d:72:81:29:dc:\n                    18:07:42:04:16:dc:01:f6:53:85:4f:47:74:c3:4b:\n                    93:e2:e4:77:32:a7:85:65:78:fb:32:2f:0d:8b:76:\n                    6f:e7:08:7a:11:09:a2:c4:72:1a:71:9e:5c:c5:71:\n                    3e:07:ba:af:a7:d1:13:83:cf:5e:05:4e:5a:01:6c:\n                    46:56:38:1c:c1:77:42:1a:01:b1:85:7e:fc:78:16:\n                    c0:9e:d4:44:d5:1c:76:32:eb:f3:3c:17:a6:69:86:\n                    77:5b:e7:a3:8e:58:c9:8b:7a:1c:1c:5a:ec:b3:87:\n                    a7:02:b4:36:67:43:9d:53:74:5b:5b:78:eb:ac:bb:\n                    ea:a8:8d:32:f9:07:e0:46:89:5d:4f:3a:2e:1d:4b:\n                    51:c2:27\n                Exponent: 65537 (0x10001)\n        X509v3 extensions:\n            X509v3 Basic Constraints: \n                CA:FALSE\n            Netscape Comment: \n                Easy-RSA Generated Certificate\n            X509v3 Subject Key Identifier: \n                33:01:30:04:B3:45:60:F8:A8:57:6E:3E:29:8E:ED:38:12:64:67:A6\n            X509v3 Authority Key Identifier: \n                keyid:F9:B2:C2:59:41:55:E2:7B:0C:3D:6D:B0:77:37:1A:5F:0A:95:87:CC\n                DirName:/C=US/ST=CA/L=SanFrancisco/O=OpenVPN/OU=changeme/CN=vpn_ca/name=changeme/emailAddress=mail@host.domain\n                serial:FE:28:DE:49:E7:5A:79:0F\n\n            X509v3 Extended Key Usage: \n                TLS Web Client Authentication\n            X509v3 Key Usage: \n                Digital Signature\n    Signature Algorithm: sha256WithRSAEncryption\n         10:c2:26:a4:31:e7:fb:b3:0f:b2:b2:79:bd:20:c8:ae:be:b5:\n         33:08:cf:18:dd:78:ea:78:8f:3f:e5:a5:5c:e9:70:2c:41:41:\n         27:65:8b:53:d3:3a:76:38:69:42:d4:68:25:35:d9:bb:d9:04:\n         76:76:63:0a:aa:68:8e:6a:3e:87:13:1f:8c:d7:c3:52:af:69:\n         60:4e:99:8f:d2:c4:9f:4d:a4:94:98:da:15:a6:d1:c4:8c:27:\n         7a:d0:9b:24:9e:d1:23:e0:d9:4a:a4:9d:78:63:8d:5f:fa:ff:\n         15:46:d3:c2:19:f4:1d:05:ea:ba:19:68:f0:46:83:7c:47:a4:\n         c4:12:4d:d8:8f:76:dc:82:77:b4:12:c1:d7:85:f9:ff:3f:c4:\n         0d:52:c8:a6:6f:4c:5f:40:41:85:02:1e:6e:52:6a:0c:5c:f7:\n         c5:99:38:b4:9c:24:68:26:bc:83:8b:0e:90:84:45:c7:42:e8:\n         45:1e:0d:91:d2:8e:a5:42:f9:e1:07:0a:ff:4d:0e:a4:c8:fc:\n         9a:5e:3e:12:a4:dd:d2:9c:ad:7c:9d:c1:59:2a:f7:6a:9a:e1:\n         09:d0:72:db:c5:3b:b0:d5:5b:6f:b3:5c:f3:89:30:2b:aa:6d:\n         76:ff:70:f2:1c:e1:97:ab:05:f9:7b:9a:33:02:c3:b8:8b:d9:\n         47:20:92:e2:ab:4b:c6:5b:3f:fe:22:00:63:ad:f1:76:7c:3e:\n         12:0c:f7:11:3b:f3:de:c0:ec:df:71:0f:b5:ae:80:91:25:ae:\n         af:f2:f0:bd:c7:dd:3a:d4:6f:3b:04:30:e7:f0:04:58:5c:dd:\n         68:67:f8:22:96:84:8d:3c:58:85:9a:90:be:ef:c2:b9:91:23:\n         9c:8a:5b:41:e5:33:f9:8f:a4:65:35:48:90:13:1e:05:31:48:\n         6e:9c:3c:9d:90:3e:a1:97:68:ce:f9:3a:08:ca:bd:08:fd:ad:\n         49:87:91:30:3a:43:0c:0c:0b:3a:91:7d:e7:9d:16:9a:03:78:\n         e5:22:f6:36:96:2a:45:45:fa:d7:4a:e8:c9:a4:cb:49:3a:82:\n         50:8c:36:76:b3:78:fd:c5:a4:f1:95:c4:15:7f:23:23:28:6c:\n         22:64:07:7e:6a:39:a9:a8:ea:3e:78:73:07:4d:fa:fe:5f:a5:\n         61:fa:48:6a:aa:8d:2b:26:24:29:6f:f2:d3:99:2f:34:35:22:\n         a9:bf:74:cd:e0:e7:fe:1e:8d:ec:77:e9:f8:c7:47:5b:d9:46:\n         fb:92:70:23:48:17:56:ea:2e:d9:a8:09:18:83:36:e6:b8:24:\n         2f:e4:6a:f0:eb:a1:f4:f3:3c:f1:3b:df:d2:9c:8b:54:fd:09:\n         9c:e9:2b:55:bb:5e:aa:48\n-----BEGIN CERTIFICATE-----\nMIIG4zCCBMugAwIBAgIBEjANBgkqhkiG9w0BAQsFADCBmzELMAkGA1UEBhMCVVMx\nCzAJBgNVBAgTAkNBMRUwEwYDVQQHEwxTYW5GcmFuY2lzY28xEDAOBgNVBAoTB09w\nZW5WUE4xETAPBgNVBAsTCGNoYW5nZW1lMQ8wDQYDVQQDFAZ2cG5fY2ExETAPBgNV\nBCkTCGNoYW5nZW1lMR8wHQYJKoZIhvcNAQkBFhBtYWlsQGhvc3QuZG9tYWluMB4X\nDTE4MTAyOTA4NTE1MloXDTI4MTAyNjA4NTE1MloweDELMAkGA1UEBhMCQ04xCzAJ\nBgNVBAgTAkJKMQswCQYDVQQHEwJDWTENMAsGA1UEChMEQVZJQzEMMAoGA1UECxMD\nZGV2MQowCAYDVQQDEwEyMSYwJAYJKoZIhvcNAQkBFhdzb25nemNAYXZpYy1kaWdp\ndGFsLmNvbTCCAiIwDQYJKoZIhvcNAQEBBQADggIPADCCAgoCggIBAKJCALx/rI8V\nwaEfcRIDGhYODgebT7XK5pg3E03a/Ef5yYs4xhtRnAnl4KKwI3XyEmXO9t+KwFYm\nZp7WyG+Tomabcq2NgceR1Bk2jR4/T+gdVAWAvieho7+yh/gUN6PxsvQrCSo8vqrW\nfCibTxMiRUjcwuc1UZ1mIYVzaEvCLZSbgsbwHkLseOrGn16lAWzBwXgyWF58swuo\n4IES1vRq6dhsj8lPBLUls+YDIbnWeeezkoxSkAtOkPqUCILMi4TUn1gn5IZIkV3J\ntRxeOgrV5nO6qSHW04IVoMcmM9nDqBC8CNQ+icdqD3ChNZ6NQfLU88RqJp2qMPja\nofvNTx0LP+9G4fS6D99NTlmH3ZZ1ck6+IIaK3j9FevxpD7/Wk68vFdSWrxU28KQ2\na+LKL2Ofx45PS0485Afx5gQd2lyJ+gvlr5iN1Adzt5sb2RMY1iyCGsUXX8N98dpR\nN1LYayyoL5Gp0pRntMO4sLiFUVuhEjUyKn1ygSncGAdCBBbcAfZThU9HdMNLk+Lk\ndzKnhWV4+zIvDYt2b+cIehEJosRyGnGeXMVxPge6r6fRE4PPXgVOWgFsRlY4HMF3\nQhoBsYV+/HgWwJ7URNUcdjLr8zwXpmmGd1vno45YyYt6HBxa7LOHpwK0NmdDnVN0\nW1t466y76qiNMvkH4EaJXU86Lh1LUcInAgMBAAGjggFSMIIBTjAJBgNVHRMEAjAA\nMC0GCWCGSAGG+EIBDQQgFh5FYXN5LVJTQSBHZW5lcmF0ZWQgQ2VydGlmaWNhdGUw\nHQYDVR0OBBYEFDMBMASzRWD4qFduPimO7TgSZGemMIHQBgNVHSMEgcgwgcWAFPmy\nwllBVeJ7DD1tsHc3Gl8KlYfMoYGhpIGeMIGbMQswCQYDVQQGEwJVUzELMAkGA1UE\nCBMCQ0ExFTATBgNVBAcTDFNhbkZyYW5jaXNjbzEQMA4GA1UEChMHT3BlblZQTjER\nMA8GA1UECxMIY2hhbmdlbWUxDzANBgNVBAMUBnZwbl9jYTERMA8GA1UEKRMIY2hh\nbmdlbWUxHzAdBgkqhkiG9w0BCQEWEG1haWxAaG9zdC5kb21haW6CCQD+KN5J51p5\nDzATBgNVHSUEDDAKBggrBgEFBQcDAjALBgNVHQ8EBAMCB4AwDQYJKoZIhvcNAQEL\nBQADggIBABDCJqQx5/uzD7Kyeb0gyK6+tTMIzxjdeOp4jz/lpVzpcCxBQSdli1PT\nOnY4aULUaCU12bvZBHZ2YwqqaI5qPocTH4zXw1KvaWBOmY/SxJ9NpJSY2hWm0cSM\nJ3rQmySe0SPg2UqknXhjjV/6/xVG08IZ9B0F6roZaPBGg3xHpMQSTdiPdtyCd7QS\nwdeF+f8/xA1SyKZvTF9AQYUCHm5Sagxc98WZOLScJGgmvIOLDpCERcdC6EUeDZHS\njqVC+eEHCv9NDqTI/JpePhKk3dKcrXydwVkq92qa4QnQctvFO7DVW2+zXPOJMCuq\nbXb/cPIc4ZerBfl7mjMCw7iL2UcgkuKrS8ZbP/4iAGOt8XZ8PhIM9xE7897A7N9x\nD7WugJElrq/y8L3H3TrUbzsEMOfwBFhc3Whn+CKWhI08WIWakL7vwrmRI5yKW0Hl\nM/mPpGU1SJATHgUxSG6cPJ2QPqGXaM75OgjKvQj9rUmHkTA6QwwMCzqRfeedFpoD\neOUi9jaWKkVF+tdK6Mmky0k6glCMNnazeP3FpPGVxBV/IyMobCJkB35qOamo6j54\ncwdN+v5fpWH6SGqqjSsmJClv8tOZLzQ1Iqm/dM3g5/4ejex36fjHR1vZRvuScCNI\nF1bqLtmoCRiDNua4JC/kavDrofTzPPE739Kci1T9CZzpK1W7XqpI\n-----END CERTIFICATE-----\n</cert>\n<key>\n-----BEGIN PRIVATE KEY-----\nMIIJQQIBADANBgkqhkiG9w0BAQEFAASCCSswggknAgEAAoICAQCiQgC8f6yPFcGh\nH3ESAxoWDg4Hm0+1yuaYNxNN2vxH+cmLOMYbUZwJ5eCisCN18hJlzvbfisBWJmae\n1shvk6Jmm3KtjYHHkdQZNo0eP0/oHVQFgL4noaO/sof4FDej8bL0KwkqPL6q1nwo\nm08TIkVI3MLnNVGdZiGFc2hLwi2Um4LG8B5C7Hjqxp9epQFswcF4MlhefLMLqOCB\nEtb0aunYbI/JTwS1JbPmAyG51nnns5KMUpALTpD6lAiCzIuE1J9YJ+SGSJFdybUc\nXjoK1eZzuqkh1tOCFaDHJjPZw6gQvAjUPonHag9woTWejUHy1PPEaiadqjD42qH7\nzU8dCz/vRuH0ug/fTU5Zh92WdXJOviCGit4/RXr8aQ+/1pOvLxXUlq8VNvCkNmvi\nyi9jn8eOT0tOPOQH8eYEHdpcifoL5a+YjdQHc7ebG9kTGNYsghrFF1/DffHaUTdS\n2GssqC+RqdKUZ7TDuLC4hVFboRI1Mip9coEp3BgHQgQW3AH2U4VPR3TDS5Pi5Hcy\np4VlePsyLw2Ldm/nCHoRCaLEchpxnlzFcT4Huq+n0RODz14FTloBbEZWOBzBd0Ia\nAbGFfvx4FsCe1ETVHHYy6/M8F6Zphndb56OOWMmLehwcWuyzh6cCtDZnQ51TdFtb\neOusu+qojTL5B+BGiV1POi4dS1HCJwIDAQABAoICABl9Es6Jo9rKSSN9Y+63bAag\n6JVLUYc2O2kX5cFqMA1CcOWc4onyFPf9E3+a+ccSYs95ZpCRJEukNqSnCs90OqOx\nsZ8Pxp5KCy52wk5JFc1ZphRDOBvTqXx4mCFhU6g+VKVEiWkIJ8+AZ/qdAxv3Wzjp\n7PgTCSIXpBZpna2g8DYTA8UqfSZ4LTp8PxbIBuRFv5WZGwakwh+HxNSh2ACHNvrX\nevLdpdiq9oqgXVDrHzVFoTTH13bfPakPThL1/Mi9+dYIVj698Y/xGrE9IBMJrOzr\nGpyFOa6KpToDh0ujD6ipUR2+QTiBMbG4sUqZ2A1EZJKrNiu4S38cISwEAXSHiuBU\nkZCJUtSZuhHBLT1T09kxy8Hzci33g3s2XiXXSEggwwIcMmjoatmU8pXVWmC2cb1M\nANw+uhm3FprHELYLhDerCV0/s45lx0/GRYZhUeTMDYPPREOPLCEzz3vCer4vosZS\nK+pvTertiu0PbOQOZFvuQvVZBZ/cySsHBMm3L3cQ7BKpEJhF96WJmG8DDMrIKvh1\nzilJzPPva+/mrmdQ4nJKbgBKnUobApfJbBWz3C3CkhF9HARjJfNPya8ek2yO9atb\nzo2bDADCppG92tdGDGAco8YnG0jn962I3NuMSCKT+KrM+Iqf92PviRq0zThrxhpn\nTV7ivvSmERryBNvK2tYBAoIBAQDOdPpPh5Qf4+BGRn0xWQZ3hvZzXE1wUgp3NooH\nKOANu8SdtromdyTYIav/XllBelCaoizPBL58degxDevqNK2E3g34VUw3TOnMtZvl\nSgXjSyOlLGotLmUeCICF3p9+OmMI648XdpK6poQ2PpVYJ8rFTsNFEDFX7C/7mbXV\nPn9vl6X76FlY2VSAwnlmDdU/RD70a1ZNbLUd32LSRCChAnrY4uXBa2d8U3V89glG\nwF4A2uRNE2weXe7TCsPTpwt8Dp2xgYqXiy/VThayGL2beqWHfx/jLlgtLXEAaMWo\nfaiAGdwEuVWbXZRAwd0CB/H8ebDg630mNcawXBOtOtwyi38BAoIBAQDJMcsfefKW\n25qe8GGs6AvVlURrDjsYyRd/LixzIoMczECU0e85EAn6mJ+Uug/xYB8AhjZArmnU\nhOz14zcAvloLjPo7jtemZ57LQ60j+Wk9Jx08ljKDUyB040m7ZfeO14R+YcVzce7C\n9fkRevpSwKHP7dCbhpUjycW29zRK1+X75WqBAUcYpuyNe3dMQ5Jjy3ljmRqtqz+7\nnB1g9rLBHELwvIXUPNZlLyTGpzX0ERFwXRHz0blbtSnHrQHG1Ok0Yf8PyFs9p6wG\nfujES5u7ESEx7ICtNytlm9FBUY25FLtOF2OqwWMbZ7Wt92I37fgLMj/5eGQ7Cjmy\n6mFLdPZa+mknAoIBAA8thmFmZDtb81b3Q6jnFJSg9WlRtde2EFLnTYptNNuNnEzD\n7Dd7tte00gI6G3G23kof9g9aF+7qdCF3FornSIJmGLzS+IFwRBfqmgVnRbuKAJra\nAwxDRufIVDqDPVJ4VGOJfcGJ1Auoxjt+qlgKxNtwiOaA5D/Ee1qR2E5PA+teSLOW\nR0tC3vWAVpBsH+tAxygM5BFZFo+VppwyqftsRT/Anodzr+3x7Mc9Bz2OUtrZPMN1\n1BL/cNlPB0p+E1gRcwJjtZ6ieufBj+WT8AyIHbcyX1PCSnU3zADtsupKIqMYQ5aN\nUX/Uh1ujZO4LS3z2LUy7wz2V4n+ApWms1BdbLgECggEABYwg7KJBJRWzArTgDJNt\nWBtAgq8mw/0vb6tHQHlwIggjs7bCINGnZMh2hfRHYkFjOXF553inpFtx6Sm1p4iY\nFP9zGtdKbOUohLQ9/uLumugML1J43BQbrf1iWA9srvyUQ6PQfOlkSu3bSzcX1dZH\n3+LPwKoKTK1QjUXtpC6lwbdGo330huJ7XT9NP8YRMD05AJ0FFkrFfBfG25iRvy9X\nTSn1iq+OvcV5/xw3KZ6a231FdHKQ6M1q9H15shDGyVH2ZWoB0gZggOFY66imB5dm\nUekSdzQxNyD/uQxVmwfOTk3oypmAcQ3//Wb3x1EBaNWe2/MM2G/kvWEnA5ya+lEz\nOwKCAQAaFvyiIZsy2tUcBvv3rF3X2ngW7aXFZpvL0m1xoRmkF4pa+TDTauMhcxWD\n3XDe3H2bCfybzlmp5Xe6ksGXkYLhlFMVQzajp9w0sjzMe80ZUJoALobwQkOjJhrc\nFFrUCLbhW+Je3paLZSyHe/cub0LqJwbkPgFy2e/zykI1O8QyrpK5OMeR8mkdJRAi\nrRf7ILp+9sej5+dLNKedQvnNSnqGh8Nr9UZd8GKKUZlGJFvkDcMaxz7pgHCCVp0I\nfci0SdyMQz6CuQ+6Ma4S1zuvqueOo9smLRn9jlKywmbgY7Wiz/tgzaas5zUfhO/I\nit0lyuo3tFuti3FylJn9ZEJLZ3UE\n-----END PRIVATE KEY-----\n</key>', '1', '1540887043', '1540887043', null, null);
INSERT INTO `ta_key` VALUES ('152', '5', '\\easy-rsa\\keys\\5.ovpn', 'client\r\ndev tun\r\nproto udp\r\nremote 47.93.203.156 1194\r\nresolv-retry infinite\r\nnobind\r\npersist-key\r\npersist-tun\r\nremote-cert-tls server\r\ncipher AES-256-CBC\r\nverb 3\n<ca>\n-----BEGIN CERTIFICATE-----\nMIIGwTCCBKmgAwIBAgIJAP4o3knnWnkPMA0GCSqGSIb3DQEBCwUAMIGbMQswCQYD\nVQQGEwJVUzELMAkGA1UECBMCQ0ExFTATBgNVBAcTDFNhbkZyYW5jaXNjbzEQMA4G\nA1UEChMHT3BlblZQTjERMA8GA1UECxMIY2hhbmdlbWUxDzANBgNVBAMUBnZwbl9j\nYTERMA8GA1UEKRMIY2hhbmdlbWUxHzAdBgkqhkiG9w0BCQEWEG1haWxAaG9zdC5k\nb21haW4wHhcNMTgxMDI1MDgwNTI3WhcNMjgxMDIyMDgwNTI3WjCBmzELMAkGA1UE\nBhMCVVMxCzAJBgNVBAgTAkNBMRUwEwYDVQQHEwxTYW5GcmFuY2lzY28xEDAOBgNV\nBAoTB09wZW5WUE4xETAPBgNVBAsTCGNoYW5nZW1lMQ8wDQYDVQQDFAZ2cG5fY2Ex\nETAPBgNVBCkTCGNoYW5nZW1lMR8wHQYJKoZIhvcNAQkBFhBtYWlsQGhvc3QuZG9t\nYWluMIICIjANBgkqhkiG9w0BAQEFAAOCAg8AMIICCgKCAgEAwd/l16aiIFVauzva\nuAo/rc44kH1b1TlPmgt6DOfnSaKyMIa8hqegjk2ignpgfTpNOzFFZrnfKDo5bThH\n1c96nwlGCfwO9OeIJr8Y0nxzOL1AiyLoXo+Tocg2Ab6TbyaGw+/aq95S3Iv+kfrw\nxWiwor7m3Jw7//WaPu3xAvXSwPURZE+I+K/jCl3Pg9sEYIPc+hv2XN7UehXtjk6o\nLHtiEzYittHGnxTdaohJ7E1bQ2DoMDJeqzyHvTtBpxFKcSWqt9WGIadaio9r3WXl\nPoBhwUplvJ65ssCeEjzZl2Thm5w5uZKZWko+xpaxcPvXrnulCi0jxzH2gaUGLO8u\nQBeuZrDzo4/IvrmUV7EJBK2vBzMfMBt0qpkwQYx/py6wmlXTk4zMZwUzEyJLVJI1\nzk/Qj6yqhSGzKZYiL/Z1WcIx4SCjTgiH2RaJogvOYys3Hu9t5vADpm64r1PLgimX\nbx+DdNnlrqwnxNcp8lJDDg9eBLJcE8Chvca/X70+yMY6AxyeFuosRy8xOfPQUsSC\nFLGpZzZXXKy4kYSTPeCYmaYcXfX9a1MvshaVfvZJcY6ooXMTw9arHabm6r0hmlfE\noEBlGgtZRqV8JtDLz9M5Wk2jK14QFcvkYUpKKeqXuHJYQQozLRD+lo6pUXxWvmz3\nIQRwOiFHXOLxwZ6ExA0Jns9eVo8CAwEAAaOCAQQwggEAMB0GA1UdDgQWBBT5ssJZ\nQVXieww9bbB3NxpfCpWHzDCB0AYDVR0jBIHIMIHFgBT5ssJZQVXieww9bbB3Nxpf\nCpWHzKGBoaSBnjCBmzELMAkGA1UEBhMCVVMxCzAJBgNVBAgTAkNBMRUwEwYDVQQH\nEwxTYW5GcmFuY2lzY28xEDAOBgNVBAoTB09wZW5WUE4xETAPBgNVBAsTCGNoYW5n\nZW1lMQ8wDQYDVQQDFAZ2cG5fY2ExETAPBgNVBCkTCGNoYW5nZW1lMR8wHQYJKoZI\nhvcNAQkBFhBtYWlsQGhvc3QuZG9tYWluggkA/ijeSedaeQ8wDAYDVR0TBAUwAwEB\n/zANBgkqhkiG9w0BAQsFAAOCAgEAONm3v6JbwQ7rSnwcV3QhuWcKmiJN5/L3oYRU\nMuuHN03NoC9eF9hNy19ejo2Pf8OVQAY+nEvqvflA8DjeNTIv3nqbN3DIs4/AwDts\naKXNQcsbmlCohUQQeL45cntYg/ERvzkeJaFgLMJHrEYoNN4+42fULXlN9qLPGLWN\nQRB3XKSipepuu2GLWO0NxsWz1j/mGeDT9/Jk06ZoaRKmq7Denen/HscRcsbZCrkr\np0EPvmYgnAoEKDWEuT3nnwk0ozr/ulsXM/oZnrUH+xc7DtZekWurxHM3zqkmN/e9\nkhO1On2gR3W3/uwTSyRf85Mmk3rylaWw2BkVFEJEhIXtNZrYZuxAfBwPIsyF4Aku\nS9/jfRTURuUfQMNLow3xfKpAP3U0JMelx/RBzc0CYM/5hXkUmW7bfiP0rXQMzq3p\nlz2jQ10oLGOYsOOxDLfOGA5CVJu4UNWm4bP1ogm9pWQViLFYSKe9KFRIJDbHtfku\n9e1BXKTyNsxHXcBQ2vlWnb+UGz8diZeQgHoyX2KzUlaNAqSjrqSdTrm4Tesu3bLC\ncyflL+39ukRkWW4gT5Bw/4P3uAmSzfRfo6BdSl9YRtbLtrQVrgrrPNARwepMoijS\nI54rvrxPZQG95XM6yNktkulJ2P08yTQLpwbQbaIp7YNTn5GOWUGkf2phNcte8a/7\n8NYO3M8=\n-----END CERTIFICATE-----\n</ca>\n<cert>\nCertificate:\n    Data:\n        Version: 3 (0x2)\n        Serial Number: 20 (0x14)\n    Signature Algorithm: sha256WithRSAEncryption\n        Issuer: C=US, ST=CA, L=SanFrancisco, O=OpenVPN, OU=changeme, CN=vpn_ca/name=changeme/emailAddress=mail@host.domain\n        Validity\n            Not Before: Oct 30 08:12:19 2018 GMT\n            Not After : Oct 27 08:12:19 2028 GMT\n        Subject: C=CN, ST=BJ, L=CY, O=AVIC, OU=dev, CN=5/emailAddress=songzc@avic-digital.com\n        Subject Public Key Info:\n            Public Key Algorithm: rsaEncryption\n                Public-Key: (4096 bit)\n                Modulus:\n                    00:a6:e2:8a:a8:0e:55:81:a8:00:d1:1f:fb:e5:35:\n                    f4:6c:ee:6f:e5:be:50:32:cf:45:f8:77:03:cd:b5:\n                    fe:8f:fe:ac:df:dd:0e:c7:f4:1b:f1:93:77:3c:47:\n                    60:e7:3a:b8:35:49:bf:1b:78:3b:28:83:01:86:7c:\n                    f1:ae:9f:2a:6f:e7:5b:5d:7b:69:74:d4:d2:48:1c:\n                    f3:72:c5:a5:fd:4c:1a:47:71:d5:7b:64:ab:a7:55:\n                    d7:b7:77:e8:70:0d:ce:2d:91:86:5f:d5:16:d4:79:\n                    09:ed:b4:4a:e1:76:4a:04:cf:0d:85:2a:71:ab:ea:\n                    7d:01:a0:c2:e2:9b:9d:90:72:8f:ea:d6:7b:dc:8b:\n                    97:c3:2c:37:ab:7e:52:51:e5:f8:c7:97:a3:7e:f6:\n                    98:e2:18:26:90:8a:f9:58:4a:fc:39:b2:4a:bb:4e:\n                    8f:bf:5a:1a:7b:c1:d3:63:38:26:6e:6f:c4:af:51:\n                    25:2d:a8:24:24:2b:39:20:f8:fe:cf:13:c8:72:33:\n                    74:de:8f:38:0e:6c:da:87:b8:1a:b5:79:01:1d:5c:\n                    06:7c:6c:b9:43:2a:63:08:d7:71:01:57:bc:be:f8:\n                    67:46:a9:94:47:d3:c5:84:e0:e9:08:dd:a7:45:49:\n                    c6:ec:ca:e2:87:90:85:c3:6a:32:f9:4c:bd:f8:1a:\n                    cf:a0:4a:af:74:1b:15:5a:71:9f:e2:e5:aa:8e:11:\n                    93:4a:31:11:31:c1:b1:94:f1:cb:c9:d4:2b:cf:fa:\n                    4e:73:d1:54:56:be:d7:3c:dd:a1:b1:a4:61:66:16:\n                    98:37:f7:3a:a2:4d:92:74:84:58:be:98:d1:89:7b:\n                    f6:41:ca:64:1c:5e:b8:41:b5:2b:7a:b0:7f:97:f1:\n                    32:32:d4:56:70:6b:25:11:d0:fc:cf:6c:d4:82:54:\n                    e2:8b:41:86:8f:38:98:9a:fe:17:17:25:eb:f5:62:\n                    52:96:ab:e6:9b:aa:c5:49:fb:b8:d2:9b:28:5d:18:\n                    b1:39:76:28:25:ee:8a:79:82:a8:a7:cf:15:b4:ba:\n                    29:69:80:b6:f9:e9:cd:db:dd:4f:e8:36:dd:b7:8c:\n                    ad:20:73:60:27:f7:7e:81:8b:63:a8:1a:f0:b1:5d:\n                    27:bb:c8:58:9f:bc:b5:be:1b:b9:4d:a5:ee:6d:f0:\n                    e7:36:30:15:0a:26:7a:70:db:13:e0:59:14:f5:65:\n                    8f:1d:66:7e:08:5c:ae:13:e8:f6:e4:b3:6a:aa:55:\n                    6b:dc:56:2b:b9:e7:f8:29:a1:a6:47:2c:cc:2a:b7:\n                    e3:0e:a4:c9:3a:9f:c0:6d:4a:a3:1d:83:e3:9f:f0:\n                    6d:b5:d7:d6:fc:e0:18:dc:75:48:36:39:a0:19:bf:\n                    e7:ef:71\n                Exponent: 65537 (0x10001)\n        X509v3 extensions:\n            X509v3 Basic Constraints: \n                CA:FALSE\n            Netscape Comment: \n                Easy-RSA Generated Certificate\n            X509v3 Subject Key Identifier: \n                1C:2C:39:F1:CE:0A:F6:BD:78:F7:37:BC:BC:DF:4E:F1:F9:33:48:CC\n            X509v3 Authority Key Identifier: \n                keyid:F9:B2:C2:59:41:55:E2:7B:0C:3D:6D:B0:77:37:1A:5F:0A:95:87:CC\n                DirName:/C=US/ST=CA/L=SanFrancisco/O=OpenVPN/OU=changeme/CN=vpn_ca/name=changeme/emailAddress=mail@host.domain\n                serial:FE:28:DE:49:E7:5A:79:0F\n\n            X509v3 Extended Key Usage: \n                TLS Web Client Authentication\n            X509v3 Key Usage: \n                Digital Signature\n    Signature Algorithm: sha256WithRSAEncryption\n         96:8c:bf:f9:d2:7d:ac:18:7a:67:b2:4d:18:9a:02:7a:99:70:\n         4d:37:b3:5c:67:75:93:88:01:eb:c4:f6:43:5d:b8:16:ae:23:\n         52:78:4f:ea:20:15:20:4c:d5:bd:79:6a:52:35:81:24:2c:32:\n         e4:d6:66:87:49:b6:ba:10:4d:4d:cb:a8:cc:20:87:a9:ab:15:\n         0a:16:51:b9:60:ef:c1:d2:d4:6e:b4:84:6d:4b:e8:e0:6e:51:\n         bf:8e:68:02:89:64:1f:99:22:63:2f:3c:7b:17:80:fc:5b:43:\n         b8:52:c6:be:04:e3:18:0a:39:66:62:d9:59:60:15:5e:e5:15:\n         e2:df:6f:c1:fe:1e:15:c6:c7:d0:76:97:12:d0:34:b3:a5:3a:\n         ff:b0:67:9d:31:f5:17:45:66:b6:e4:2f:d1:22:3f:83:eb:8c:\n         a5:63:12:4c:9c:1c:62:35:82:82:9d:3f:f9:18:60:e4:e8:8c:\n         4f:c1:d9:2e:c6:45:78:51:80:d6:db:a0:a3:59:b1:d4:0c:76:\n         c6:07:65:a5:2b:0e:2b:60:28:32:ce:9a:6a:6b:6e:47:73:15:\n         b0:20:61:fb:f7:4e:2e:3e:9b:35:86:9c:59:4d:f4:83:dd:fa:\n         9b:12:a7:2f:90:d8:ff:f7:67:31:25:3a:10:5c:d8:66:ad:ae:\n         b8:68:55:2e:38:67:47:52:ea:f4:36:36:1e:8d:17:f3:a0:1f:\n         2f:c8:e1:2c:47:9b:e7:c8:ff:1f:25:5f:77:2a:e9:0a:58:4f:\n         1e:e0:0d:e9:d1:c2:32:df:5c:7b:e8:dd:6e:9c:7b:66:82:db:\n         22:10:10:5d:b4:55:3f:af:32:bf:45:f1:5e:f6:08:b3:af:03:\n         c2:f5:6e:ce:1e:ea:ad:1d:86:44:48:88:30:4c:a2:33:1f:8c:\n         0c:9a:36:94:90:0f:11:1e:31:19:6a:99:2a:08:d7:30:a2:9b:\n         57:7a:ea:da:44:c3:d4:44:b2:df:27:44:d5:cd:6e:20:41:66:\n         e7:b0:77:be:08:d2:e1:d5:9b:fb:87:62:3a:f2:53:0e:1c:77:\n         fa:58:f2:2e:23:67:74:c3:e0:c2:af:86:e8:b7:bb:e2:33:4e:\n         46:ec:81:2a:67:63:f7:cd:f2:67:02:19:ce:d3:ef:70:11:d1:\n         20:8d:67:50:30:9a:e3:cc:c7:9b:e6:60:37:5a:d3:ae:6f:d4:\n         ce:49:72:d7:59:9e:c2:a2:f5:40:fa:92:4c:0d:7b:af:0e:7a:\n         83:5a:92:2c:f9:13:1b:7f:b0:2e:63:fd:14:54:49:30:4e:0c:\n         a0:88:f8:d2:68:aa:a1:7c:c6:71:e1:f5:a9:b7:6d:6f:8b:91:\n         8b:0a:27:b0:97:2e:61:26\n-----BEGIN CERTIFICATE-----\nMIIG4zCCBMugAwIBAgIBFDANBgkqhkiG9w0BAQsFADCBmzELMAkGA1UEBhMCVVMx\nCzAJBgNVBAgTAkNBMRUwEwYDVQQHEwxTYW5GcmFuY2lzY28xEDAOBgNVBAoTB09w\nZW5WUE4xETAPBgNVBAsTCGNoYW5nZW1lMQ8wDQYDVQQDFAZ2cG5fY2ExETAPBgNV\nBCkTCGNoYW5nZW1lMR8wHQYJKoZIhvcNAQkBFhBtYWlsQGhvc3QuZG9tYWluMB4X\nDTE4MTAzMDA4MTIxOVoXDTI4MTAyNzA4MTIxOVoweDELMAkGA1UEBhMCQ04xCzAJ\nBgNVBAgTAkJKMQswCQYDVQQHEwJDWTENMAsGA1UEChMEQVZJQzEMMAoGA1UECxMD\nZGV2MQowCAYDVQQDEwE1MSYwJAYJKoZIhvcNAQkBFhdzb25nemNAYXZpYy1kaWdp\ndGFsLmNvbTCCAiIwDQYJKoZIhvcNAQEBBQADggIPADCCAgoCggIBAKbiiqgOVYGo\nANEf++U19Gzub+W+UDLPRfh3A821/o/+rN/dDsf0G/GTdzxHYOc6uDVJvxt4OyiD\nAYZ88a6fKm/nW117aXTU0kgc83LFpf1MGkdx1Xtkq6dV17d36HANzi2Rhl/VFtR5\nCe20SuF2SgTPDYUqcavqfQGgwuKbnZByj+rWe9yLl8MsN6t+UlHl+MeXo372mOIY\nJpCK+VhK/DmySrtOj79aGnvB02M4Jm5vxK9RJS2oJCQrOSD4/s8TyHIzdN6POA5s\n2oe4GrV5AR1cBnxsuUMqYwjXcQFXvL74Z0aplEfTxYTg6Qjdp0VJxuzK4oeQhcNq\nMvlMvfgaz6BKr3QbFVpxn+Llqo4Rk0oxETHBsZTxy8nUK8/6TnPRVFa+1zzdobGk\nYWYWmDf3OqJNknSEWL6Y0Yl79kHKZBxeuEG1K3qwf5fxMjLUVnBrJRHQ/M9s1IJU\n4otBho84mJr+Fxcl6/ViUpar5puqxUn7uNKbKF0YsTl2KCXuinmCqKfPFbS6KWmA\ntvnpzdvdT+g23beMrSBzYCf3foGLY6ga8LFdJ7vIWJ+8tb4buU2l7m3w5zYwFQom\nenDbE+BZFPVljx1mfghcrhPo9uSzaqpVa9xWK7nn+CmhpkcszCq34w6kyTqfwG1K\nox2D45/wbbXX1vzgGNx1SDY5oBm/5+9xAgMBAAGjggFSMIIBTjAJBgNVHRMEAjAA\nMC0GCWCGSAGG+EIBDQQgFh5FYXN5LVJTQSBHZW5lcmF0ZWQgQ2VydGlmaWNhdGUw\nHQYDVR0OBBYEFBwsOfHOCva9ePc3vLzfTvH5M0jMMIHQBgNVHSMEgcgwgcWAFPmy\nwllBVeJ7DD1tsHc3Gl8KlYfMoYGhpIGeMIGbMQswCQYDVQQGEwJVUzELMAkGA1UE\nCBMCQ0ExFTATBgNVBAcTDFNhbkZyYW5jaXNjbzEQMA4GA1UEChMHT3BlblZQTjER\nMA8GA1UECxMIY2hhbmdlbWUxDzANBgNVBAMUBnZwbl9jYTERMA8GA1UEKRMIY2hh\nbmdlbWUxHzAdBgkqhkiG9w0BCQEWEG1haWxAaG9zdC5kb21haW6CCQD+KN5J51p5\nDzATBgNVHSUEDDAKBggrBgEFBQcDAjALBgNVHQ8EBAMCB4AwDQYJKoZIhvcNAQEL\nBQADggIBAJaMv/nSfawYemeyTRiaAnqZcE03s1xndZOIAevE9kNduBauI1J4T+og\nFSBM1b15alI1gSQsMuTWZodJtroQTU3LqMwgh6mrFQoWUblg78HS1G60hG1L6OBu\nUb+OaAKJZB+ZImMvPHsXgPxbQ7hSxr4E4xgKOWZi2VlgFV7lFeLfb8H+HhXGx9B2\nlxLQNLOlOv+wZ50x9RdFZrbkL9EiP4PrjKVjEkycHGI1goKdP/kYYOTojE/B2S7G\nRXhRgNbboKNZsdQMdsYHZaUrDitgKDLOmmprbkdzFbAgYfv3Ti4+mzWGnFlN9IPd\n+psSpy+Q2P/3ZzElOhBc2GatrrhoVS44Z0dS6vQ2Nh6NF/OgHy/I4SxHm+fI/x8l\nX3cq6QpYTx7gDenRwjLfXHvo3W6ce2aC2yIQEF20VT+vMr9F8V72CLOvA8L1bs4e\n6q0dhkRIiDBMojMfjAyaNpSQDxEeMRlqmSoI1zCim1d66tpEw9REst8nRNXNbiBB\nZuewd74I0uHVm/uHYjryUw4cd/pY8i4jZ3TD4MKvhui3u+IzTkbsgSpnY/fN8mcC\nGc7T73AR0SCNZ1AwmuPMx5vmYDda065v1M5JctdZnsKi9UD6kkwNe68OeoNakiz5\nExt/sC5j/RRUSTBODKCI+NJoqqF8xnHh9am3bW+LkYsKJ7CXLmEm\n-----END CERTIFICATE-----\n</cert>\n<key>\n-----BEGIN PRIVATE KEY-----\nMIIJQgIBADANBgkqhkiG9w0BAQEFAASCCSwwggkoAgEAAoICAQCm4oqoDlWBqADR\nH/vlNfRs7m/lvlAyz0X4dwPNtf6P/qzf3Q7H9Bvxk3c8R2DnOrg1Sb8beDsogwGG\nfPGunypv51tde2l01NJIHPNyxaX9TBpHcdV7ZKunVde3d+hwDc4tkYZf1RbUeQnt\ntErhdkoEzw2FKnGr6n0BoMLim52Qco/q1nvci5fDLDerflJR5fjHl6N+9pjiGCaQ\nivlYSvw5skq7To+/Whp7wdNjOCZub8SvUSUtqCQkKzkg+P7PE8hyM3TejzgObNqH\nuBq1eQEdXAZ8bLlDKmMI13EBV7y++GdGqZRH08WE4OkI3adFScbsyuKHkIXDajL5\nTL34Gs+gSq90GxVacZ/i5aqOEZNKMRExwbGU8cvJ1CvP+k5z0VRWvtc83aGxpGFm\nFpg39zqiTZJ0hFi+mNGJe/ZBymQcXrhBtSt6sH+X8TIy1FZwayUR0PzPbNSCVOKL\nQYaPOJia/hcXJev1YlKWq+abqsVJ+7jSmyhdGLE5digl7op5gqinzxW0uilpgLb5\n6c3b3U/oNt23jK0gc2An936Bi2OoGvCxXSe7yFifvLW+G7lNpe5t8Oc2MBUKJnpw\n2xPgWRT1ZY8dZn4IXK4T6Pbks2qqVWvcViu55/gpoaZHLMwqt+MOpMk6n8BtSqMd\ng+Of8G2119b84BjcdUg2OaAZv+fvcQIDAQABAoICAFpgBpzaHl43wDGAM6a+YF75\nhSmStdW+P/M9aJbnfzM1xSL6kL2iKdvac1D2irjOKOHazR6wLsFSqOnPEgbx9UZi\nsSzf341Aj5wz6Xb3KFwS8YxNTkIjk33sVATsb7j3EPfGflG5kUKBReovn/mXWKBg\nDL9X6/Ug6I+QItobUene0KdpfexCwG4WrRM3NpdZhi94pDbmjoaqc4AFcuDowszw\nC96BvgDvZ7YrkjGCP/XAm3Ah7pNaIjBgI/ECRuOXoA6QZTL9tmrBclrbTcOHAx6G\nLpEFRBLminlISs9iVznIRg2TWlTHj4jVT/3YI3S3bn3fpWuqzXW1NmOhtqL8ygDx\nI00O7F/9h+InpIPpkCsyfVz02Vssk5yYO4O3LDb4emA6XceVBF4n68LLUmpucHT0\nE7GvVQBjY1PXF6qv95xGEmbliqYd1geQukecyoMyuSlY0+iCH2EZWM5W24drtrjY\njj/UjYlier640RwK5I5eygk1NzBUGqTlt5VGCyHHYVHvUM1RZmIy6hJV++dDGDkF\n1yiA7s8V88MXR9MbruumqeJEEHS6EhemYCm3FTG2pVhi456xKEvJ6M+8rr90w0cS\nNPKt9DPwMPJoDjtoE4x9IvbMykWxWLAfU0xNs/cBr/mUAVHkK5Uo4bWE9Ptjoolf\n2Pc7aShV0vD+ajnTlIzdAoIBAQDZ1s1fCHmXx/qCsX8MWQmDV8PTasYWLHNEJVc+\nDYUC66Cl62KYMICfA0wuQ3xGDfrHGj31IBJT8APBy9e4J30iFjgyY7OYQp3H4Tnn\ndeZF5Kqo1tqEjvcK4E6XpXGQl7JIOmUjy8tHGZQiQrOqtZSEExjYmCx2Xe+jsc/g\nBYVRb5xI6c73QiFlMY/KvPh6chmUA4vJWgEMQZYC/RK3gQbfPdDwsEVZbh0yA75c\n5he59Jgx5bYO+IJjfM9wepLE387YOY69gPLaqKtuTUtpKyYPlp8IjkLs9XkHSVlH\nE21pExTHpl/qMO4HgSIQ8kxgx6ZnZLToViSdelLsT9Ou2B7LAoIBAQDEHqcqbd+a\nkFWgCpUeV8yZyIXxDwAJiuNFA/gT3yL7F3cSOGQi+nSZL6h7IztBucaaR39h9/sO\nDmaOb60TikxRQBViT2/XcR/+7upCtHBXsocu3KA7iIJGUtLt4qhN/YPME+bPQZj+\nPysfJ4+J73ULcq+PEsPFnKylabpMwELgUe2MkkaPRFzDf27d/rHtDwOZ+Lr4nOBe\niXQXsutOwME0Y1TFdOVyPEIJ9RKrubTjSnolM3Ju61DVHOi4tLnqfEIsvH0tIEyT\nuQ92WgcdSglZdrgxyVTScPmG/FACh2AJrqZM3EvsJVUXVBw/1ZM74FW4i8sT2lI7\nc4B8uxrpfsczAoIBABZA6lQGAp3t0Pqe9VKmmeEwCxJC+x9yxQe2JNZy/R6SQaQR\nis3vToRwCs1DGaPyc6b5WFD9SMIIZ+nZUB1A83iS+oSzSLqKO6IasRajJbYIKSL8\nZ/BYxoX26jB1t0dFJ/JW/NQOUqLdyxNA6yfKSvS/Gq+txAUHjZ6UYJ8LEVaDZ1zP\nfdQmjlDPIlhcu6mOlGxZfGNCbY75+EAv6ESUysXtg7XC3CLJq/PbDAxjeRMHGLEo\nPVQEMRXGv05HR00TbAcMwjc7wBN0Xab0AHsq7EV1ZqOyHMYmQYnsBVHMe0XbrCjF\nJ1E+VGKx33AJwKG2Y5p2YEDH5A+uWmBHu2FGNMcCggEBAL8QvftwH7ANfd31cWGm\nWAZafWNkIb0qOlA6la2GbiYBrldp6OTK7F1xOMr+f/SAcSRNE6T2WvhOv0t1MUEg\nM0nVDQBCM8vIwkszp7Zk5C4MF/dnqhNV4tVwS17GuwGAQq7HlM3GMq9AC1rGx+iy\nCW2lxbO1rFURVoGwh3fOt1ijeLLCr0tUZqtvsytDv0QcpH2U/VLIQy7W6utLvEN1\nNsU7IJNeV0r7ubrJr+7tdXUaUfV8MbguOQnmqDOKnrX7aNz8pVcZaIFigdXjz5qR\nTpqCNuEKLED5H6CKn8hW6xGDvTCUTsM5e7TGlN77y/1BiUHJr4cf441X8Y2TG5zv\njlECggEAUvk2FJEstVeHxmim1LcTq8eije6Z3AbcMfRnTlm/La3CUMp7LLWcJHDn\n5aOVsIMfq41mwaMGRGoqePw/0a/Z8/ooVPWDACST41iWvQOjO16tYlkg4hl0v1Qq\n2p8G2hC83HQsUxVIpvohN65bWeeQrXA3DagjESDYtD6g2k+5szzNQE+5nJU9Ln/O\n/5Ri6Qab6U86g3tnbQdkhK1NLEQlh1duCVcVN93Ni7hDQ6rGqf21OmO3MLhy1RWb\n1pMQozVn0z03AVaP+7W7ewPwRsIFFNJmmW1Cn9RTdCfQGVqJw1eXx9iL2BhnG7qa\n1hD+O5OQGoyU2gR1NLDrdV/ABF2kbA==\n-----END PRIVATE KEY-----\n</key>', '1', '1540887139', '1540887139', null, null);

-- ----------------------------
-- Table structure for ta_log_record
-- ----------------------------
DROP TABLE IF EXISTS `ta_log_record`;
CREATE TABLE `ta_log_record` (
  `id` int(11) unsigned NOT NULL AUTO_INCREMENT,
  `user_id` int(11) DEFAULT NULL,
  `ip` varchar(15) DEFAULT NULL,
  `os` varchar(18) DEFAULT NULL,
  `browser` varchar(30) DEFAULT NULL,
  `remark` varchar(255) DEFAULT NULL,
  `create_time` int(11) DEFAULT NULL,
  PRIMARY KEY (`id`),
  KEY `user_id` (`user_id`) USING BTREE
) ENGINE=MyISAM AUTO_INCREMENT=88 DEFAULT CHARSET=utf8 COMMENT='后台操作日志记录';

-- ----------------------------
-- Records of ta_log_record
-- ----------------------------
INSERT INTO `ta_log_record` VALUES ('79', '4', '110.184.40.9', 'Mac OS X 10_12_2', 'chrome-55', '登录成功', '1484449096');
INSERT INTO `ta_log_record` VALUES ('80', '1', '110.184.40.9', 'Mac OS X 10_12_2', 'chrome-55', '登录成功', '1484449112');
INSERT INTO `ta_log_record` VALUES ('81', '1', '::1', 'Windows 7', 'chrome-55', '登录成功', '1540347297');
INSERT INTO `ta_log_record` VALUES ('82', '1', '::1', 'Windows 7', 'chrome-55', '登录成功', '1540348465');
INSERT INTO `ta_log_record` VALUES ('83', '1', '::1', 'Windows 7', 'chrome-55', '登录成功', '1540427758');
INSERT INTO `ta_log_record` VALUES ('84', '2', '::1', 'Windows 7', 'chrome-55', '登录成功', '1540427853');
INSERT INTO `ta_log_record` VALUES ('85', '1', '::1', 'Windows 7', 'chrome-55', '登录成功', '1540524816');
INSERT INTO `ta_log_record` VALUES ('86', '1', '::1', 'Windows 7', 'chrome-55', '登录成功', '1540774728');
INSERT INTO `ta_log_record` VALUES ('87', '1', '::1', 'Windows 7', 'chrome-55', '登录成功', '1540883229');

-- ----------------------------
-- Table structure for ta_role
-- ----------------------------
DROP TABLE IF EXISTS `ta_role`;
CREATE TABLE `ta_role` (
  `id` int(11) unsigned NOT NULL AUTO_INCREMENT,
  `name` varchar(20) NOT NULL COMMENT '角色名称',
  `pid` smallint(6) DEFAULT NULL COMMENT '父角色ID',
  `status` tinyint(1) unsigned DEFAULT NULL COMMENT '状态',
  `remark` varchar(255) DEFAULT NULL COMMENT '备注',
  `create_time` int(11) unsigned NOT NULL DEFAULT '0' COMMENT '创建时间',
  `update_time` int(11) unsigned NOT NULL DEFAULT '0' COMMENT '更新时间',
  PRIMARY KEY (`id`),
  KEY `parentId` (`pid`),
  KEY `status` (`status`)
) ENGINE=MyISAM AUTO_INCREMENT=6 DEFAULT CHARSET=utf8 COMMENT='角色表';

-- ----------------------------
-- Records of ta_role
-- ----------------------------
INSERT INTO `ta_role` VALUES ('1', '超级管理员', '0', '1', '网站最高管理员权限！', '1329633709', '1329633709');
INSERT INTO `ta_role` VALUES ('2', '测试角色', null, '1', '测试角色', '1482389092', '0');
INSERT INTO `ta_role` VALUES ('4', 'VPN用户', null, '1', '为VPN用户分配证书', '0', '0');
INSERT INTO `ta_role` VALUES ('5', '证书管理员', null, '1', '管理用户与证书', '0', '0');

-- ----------------------------
-- Table structure for ta_user
-- ----------------------------
DROP TABLE IF EXISTS `ta_user`;
CREATE TABLE `ta_user` (
  `id` int(10) unsigned NOT NULL AUTO_INCREMENT,
  `username` varchar(16) DEFAULT NULL COMMENT '账号',
  `mobile` varchar(12) DEFAULT NULL COMMENT '手机号',
  `password` varchar(32) DEFAULT NULL COMMENT '密码',
  `status` int(11) DEFAULT '0' COMMENT '状态 （0禁止 1可用）',
  `create_time` int(11) DEFAULT NULL COMMENT '帐号创建时间',
  `administrator` int(1) DEFAULT '0' COMMENT '是否超级管理员，1是 0否',
  `role_id` int(11) unsigned NOT NULL DEFAULT '0',
  `update_time` int(11) DEFAULT NULL COMMENT '账户最后更新时间',
  `delete_time` int(11) DEFAULT NULL COMMENT '软删除',
  PRIMARY KEY (`id`)
) ENGINE=MyISAM AUTO_INCREMENT=7 DEFAULT CHARSET=utf8 COMMENT='用户表';

-- ----------------------------
-- Records of ta_user
-- ----------------------------
INSERT INTO `ta_user` VALUES ('1', '石金融', '13330613321', '4c3c8afaf91b4dd81bcf68ba519fa2f6', '1', '1478252401', '1', '1', '1484214600', null);
INSERT INTO `ta_user` VALUES ('3', '程斌', '15116041105', '4c3c8afaf91b4dd81bcf68ba519fa2f6', '1', '1483423025', '0', '1', '1483423039', null);
INSERT INTO `ta_user` VALUES ('2', '管理员', '15100000000', '4c3c8afaf91b4dd81bcf68ba519fa2f6', '1', '1482835627', '1', '1', '1540450405', null);
INSERT INTO `ta_user` VALUES ('4', 'aierui', '13330613322', '4c3c8afaf91b4dd81bcf68ba519fa2f6', '1', '1484448977', '0', '1', '1540446643', '1540446643');
INSERT INTO `ta_user` VALUES ('5', 'test', '13330613012', '4c3c8afaf91b4dd81bcf68ba519fa2f6', '1', '1484449210', '0', '2', '1484449239', null);
INSERT INTO `ta_user` VALUES ('6', 'vpn1', '15652913015', '4c3c8afaf91b4dd81bcf68ba519fa2f6', '1', '1540428685', '0', '4', '1540434346', null);
SET FOREIGN_KEY_CHECKS=1;
